ra,dec,mjd_i,modelMag_u,modelMag_g,modelMag_r,modelMag_i,modelMag_z,objID,modelMagErr_i,flags,thingID
12.2100303707,-0.781348809280749,51081.31667745,21.57062,20.99001,20.50301,20.2124,20.46678,1237646010551632041,0.05982336,2416187540224,77759927
12.2026142446109,-0.76102858203441,51081.31667745,25.69898,22.17241,21.28705,20.78223,20.46297,1237646010551632149,0.0900339,68987912960,77759456
12.2089008013622,-0.755108354492849,51081.31667745,22.94062,21.63345,20.75628,20.45261,21.08634,1237646010551632159,0.09525108,68987912448,77759459
12.2091125690304,-0.750561309081604,51081.31667745,23.2182,23.0693,21.1508,20.45849,19.88698,1237646010551632161,0.0823246,2381895041352,77759934
12.2146165257006,-0.753919005911205,51081.31667745,23.35703,22.42876,22.04148,21.38314,21.43375,1237646010551632169,0.1427557,2450547278080,77759938
12.2160736157362,-0.77039411701712,51081.31667745,24.05984,22.13397,21.05584,20.69031,20.07242,1237646010551632177,0.07752685,68987912960,77759939
12.2037890102384,-0.788521151105387,51081.31667745,24.4053,22.69647,21.1868,19.92451,19.34064,1237646010551632394,0.04161694,68987912448,77759463
12.2085599360207,-0.76525822740656,51081.31667745,22.62529,23.82862,21.84946,21.2681,22.46892,1237646010551632400,0.13006,281709320864000,77759464
12.2098660392028,-0.768445946196151,51081.31667745,23.02532,23.55964,22.24346,21.65415,21.03553,1237646010551632404,0.2097818,281709388108104,77759952
12.1895844743643,-0.752719020409623,51081.31667745,23.99373,22.40564,21.57484,21.44,21.19692,1237646010551632124,0.1610828,2416791654728,77759288
12.1935701483727,-0.770042645238032,51081.31667745,21.75927,21.19246,20.70415,19.94413,19.34305,1237646010551632134,0.06629809,2450547278080,77759292
12.1951077256408,-0.764297903812185,51081.31667745,25.71284,21.84109,20.43816,19.68906,19.17175,1237646010551632137,0.04606465,68987912448,77759309
12.2010623680636,-0.766997984006289,51081.31667745,24.30854,22.72146,21.62584,21.99656,21.96548,1237646010551632144,0.3044941,281543964622848,77759454
12.1825985726181,-0.793341122257529,51081.31667745,23.53716,23.08049,22.04411,21.58242,20.92369,1237646010551632373,0.1626498,281709320864000,77759383
12.1877831309588,-0.794375693484376,51081.31667745,22.53557,24.20967,22.87481,21.446,20.60525,1237646010551632529,0.1543565,281543964623616,77759297
12.1775822707336,-0.748845998187407,51081.31667745,22.86584,22.03027,21.35402,21.03431,20.74067,1237646010551632104,0.1122442,2278815830344,77759364
12.1816243114305,-0.754413997636666,51081.31667745,24.52585,25.26609,21.70065,21.81815,22.0304,1237646010551632116,0.2131438,316728336711952,77759372
12.1787658192517,-0.765121916660308,51081.31667745,24.10408,24.46844,22.92323,21.34272,20.78671,1237646010551632522,0.1406847,281543964623104,77759392
12.1748756333362,-0.760162423016584,51081.31667745,25.08457,21.91755,21.05346,20.8848,20.68484,1237646010551632096,0.1093228,68987912448,77759361
12.1766921411956,-0.753234499944856,51081.31667745,24.16741,23.67535,22.67135,21.11149,20.52237,1237646010551632518,0.1123476,281709320864000,77759389
12.1729220741482,-0.758238174093727,51081.31667745,26.46265,22.20827,21.23743,21.90827,22.83687,1237646010551632093,0.373351,281543964623104,77759360
12.174819342347,-0.760224954963224,51136.16648779,22.51447,22.00871,20.99494,20.8816,20.99353,1237646646197551473,0.1495304,68987912448,77759361
12.1776805659479,-0.748915760551645,51136.16648779,22.29095,22.38042,21.49719,20.99633,20.90763,1237646646197551483,0.1240287,217164283904,77759364
12.1791594824428,-0.758210900810953,51136.16648779,24.70626,22.49168,20.77909,20.02884,19.12826,1237646646197551487,0.06727265,103347650816,77759367
12.1774922298353,-0.78112668780785,51136.16648779,23.40122,22.55723,21.91153,21.76513,21.59174,1237646646197551673,0.30366,281543964623104,77759363
12.1910940222529,-0.752421969129227,51136.16648779,26.1561,21.72664,21.09358,20.7306,19.68015,1237646646197551506,0.2464689,2416254779720,77759289
12.1935456089464,-0.77002441070659,51136.16648779,23.6896,21.62136,20.89614,20.44773,19.48516,1237646646197551509,0.1030865,217231528776,77759292
12.1951143195518,-0.764291799580486,51136.16648779,22.45762,21.95765,20.38105,19.67822,19.33129,1237646646197551511,0.05412269,68987912448,77759309
12.2020157350692,-0.745059958859411,51136.16648779,22.54182,22.89898,21.87423,22.1887,20.9984,1237646646197551688,0.4018228,281543964623104,77759455
12.200992762692,-0.76707959931937,51136.16648779,23.42357,22.68854,22.27892,21.19818,21.97207,1237646646197551759,0.179675,281543964623104,77759454
12.2026652299967,-0.761078650433305,51136.16648779,25.27972,22.3672,21.25754,21.08965,20.87447,1237646646197551524,0.1464734,68987912448,77759456
12.2057545201003,-0.775694543117035,51136.16648779,22.21294,21.45524,20.17492,19.90706,19.34075,1237646646197551529,0.058876,68987912704,77759457
12.208535161599,-0.765295798964663,51136.16648779,23.17811,22.57293,21.63087,21.33054,22.91753,1237646646197551532,0.1965886,217164284160,77759464
12.2088496850076,-0.755110815818354,51136.16648779,21.63616,21.67418,20.77997,20.62336,20.493,1237646646197551533,0.1314848,68987912448,77759459
12.2099507882648,-0.781350065053625,51136.16648779,22.00514,21.09909,20.55011,20.4015,20.29514,1237646646197551535,0.07787287,68988043520,77759927
12.2146058689868,-0.753942969051875,51136.16648779,22.64629,22.6352,22.24212,21.67192,21.80607,1237646646197551542,0.2369542,281543964754176,77759938
12.2160714478698,-0.770448214058382,51136.16648779,22.92751,21.87503,21.08511,20.6296,20.27088,1237646646197551546,0.1083323,68987912448,77759939
12.2037965602375,-0.788528858759999,51136.16648779,24.41131,22.55636,20.63761,19.65737,18.99829,1237646646197551692,0.05968824,68987912960,77759463
12.182087212332,-0.752776173626102,51819.38746331,23.52787,22.57242,21.26017,20.98322,21.94229,1237653011368051178,0.1096876,35259802583312,77759371
12.1826249127295,-0.793417549218795,51819.38746331,21.86876,23.1929,21.97703,21.63474,21.01726,1237653011368051354,0.180939,281543964623104,77759383
12.1854192899024,-0.777962413636731,51819.38746331,22.81297,23.04749,21.90979,21.67028,21.68845,1237653011368051361,0.1924773,281543964758272,77759373
12.1776274099564,-0.74883907366868,51819.38746331,22.56508,21.98258,21.01057,20.80951,20.86279,1237653011368051171,0.08926711,68987912448,77759364
12.1774636975941,-0.781220375156785,51819.38746331,25.96751,23.3832,22.09275,21.5996,20.79271,1237653011368051344,0.1627766,281543964623104,77759363
12.179169841497,-0.758214526180977,51819.38746331,23.10866,22.89556,20.73881,20.20512,19.69414,1237653011368051348,0.05296277,68987912448,77759367
12.1787347119711,-0.765135607278231,51819.38746331,25.76077,24.03654,23.44278,21.39115,20.59367,1237653011368051456,0.1348136,281543964623104,77759392
12.1749068913255,-0.760211294444811,51819.38746331,22.57256,21.99972,21.30359,21.17518,21.95407,1237653011368051158,0.1170769,68987912448,77759361
12.1767364394748,-0.753175816431449,51819.38746331,25.16466,23.00878,22.94532,21.25672,20.78821,1237653011368051453,0.1354744,281543964754688,77759389
12.1729983864079,-0.758308626435852,51819.38746331,23.46337,22.34326,22.01537,21.73952,21.08616,1237653011368051155,0.1468214,68987912960,77759360
12.1895029393716,-0.752668231013821,51819.38787794,23.84247,21.94502,20.96808,20.88736,20.5576,1237653011368116433,0.153195,35255507616016,77759288
12.1911331949872,-0.752562996391747,51819.38787794,23.82659,22.57949,22.29553,21.49119,21.24637,1237653011368116434,0.1775441,316728370397200,77759289
12.193555150056,-0.770003689749075,51819.38787794,21.96305,21.55314,20.93182,20.21065,19.74897,1237653011368116438,0.0695263,68987912960,77759292
12.1951208776046,-0.764270758868803,51819.38787794,22.18901,21.92889,20.09575,19.50706,18.96039,1237653011368116441,0.04594097,68987912448,77759309
12.2010243806171,-0.76697522083873,51819.38787794,23.48035,23.05303,21.77873,21.72684,21.48516,1237653011368116769,0.1525003,281543964623616,77759454
12.2021501918625,-0.744909145566184,51819.38787794,23.11271,22.51601,21.98356,21.6589,21.82809,1237653011368116457,0.1997819,281543964623104,77759455
12.2026083826411,-0.760989342146167,51819.38787794,22.04855,22.49769,21.11038,20.90665,20.23764,1237653011368116458,0.1029201,68987912960,77759456
12.2057767063628,-0.775686010044745,51819.38787794,22.61819,21.22775,20.03094,19.56398,19.12982,1237653011368116466,0.04047803,17661174092032,77759457
12.2088687455603,-0.755167704260772,51819.38787794,22.51561,21.794,21.12668,20.692,21.73172,1237653011368116468,0.09939622,68988043520,77759459
12.2099948350556,-0.781347972395472,51819.38787794,22.15257,20.99917,20.4242,20.21131,20.51452,1237653011368116473,0.05596783,68987912448,77759927
12.2160385425428,-0.770462418330017,51819.38787794,22.43414,22.08774,20.932,20.47077,20.0428,1237653011368116487,0.07029038,68987912704,77759939
12.2038187647581,-0.788504021110137,51819.38787794,25.64208,23.12454,21.04229,19.75192,19.10958,1237653011368116775,0.04211454,68987912448,77759463
12.2084472145588,-0.765182570611913,51819.38787794,24.21393,22.96731,21.99356,21.61995,21.84495,1237653011368116778,0.1686175,281543964623104,77759464
12.2112581685152,-0.767225385688666,51819.38787794,24.92988,23.34635,21.74327,21.55714,21.34789,1237653011368116781,0.1923577,281543964623104,77759949
12.2098260176788,-0.768416129001968,51819.38787794,23.29605,25.46743,22.76865,21.61366,21.21404,1237653011368116922,0.1651305,281543964623104,77759952
12.202061963458,-0.744971380511019,52522.34884536,23.24288,22.68337,22.41854,21.80243,21.40163,1237659754449142223,0.2019453,80866181448,77759455
12.202662255537,-0.761050418491439,52522.34884536,23.97536,22.38675,21.56475,21.0001,21.25062,1237659754449142225,0.0995203,68987912448,77759456
12.2057953700096,-0.775683849489467,52522.34884536,22.9183,21.16721,20.00027,19.51894,19.04431,1237659754449142229,0.04807318,68988043520,77759457
12.2088738886442,-0.755184169972488,52522.34884536,22.00782,21.82661,21.25664,20.8441,20.33077,1237659754449142233,0.1021223,2450547277824,77759459
12.2085605799468,-0.749635487385751,52522.34884536,23.24223,24.24272,21.40002,20.72085,19.79778,1237659754449142235,0.1058509,2416254649160,77759460
12.2100035872312,-0.781350581567859,52522.34884536,21.83112,20.94965,20.55049,20.13635,19.86141,1237659754449142236,0.06352478,68987912960,77759927
12.2161325319843,-0.77040823842549,52522.34884536,25.47827,22.0901,21.20885,20.75267,20.55306,1237659754449142248,0.08987921,2450547278080,77759939
12.2038373962175,-0.788533367302247,52522.34884536,25.32871,23.41142,21.13874,19.86168,19.24175,1237659754449142432,0.04709384,68987912448,77759463
12.2085922902203,-0.765091349686099,52522.34884536,23.29884,23.88655,21.82969,21.34654,21.32456,1237659754449142436,0.171036,281709320864512,77759464
12.2114063198194,-0.767287879050418,52522.34884536,24.34383,23.54982,22.03828,21.49476,20.26987,1237659754449142440,0.2148869,281543964623616,77759949
12.2099315824562,-0.768492252743577,52522.34884536,25.30655,23.16781,22.36234,21.14308,21.53945,1237659754449142521,0.1732378,281543964623104,77759952
12.2145901789184,-0.753952392860451,52522.34884536,22.34509,22.89766,22.44891,21.43371,21.25286,1237659754449142527,0.1544443,281543964622848,77759938
12.1895643673632,-0.752778815166303,52522.34884536,24.38738,22.16203,21.91246,21.91932,20.94736,1237659754449142203,0.2776166,281543964623104,77759288
12.1950939439868,-0.764287594825808,52522.34884536,22.15461,22.22093,20.48698,19.92493,19.43423,1237659754449142211,0.05425901,68987912448,77759309
12.201022954055,-0.766972105740319,52522.34884536,24.87881,22.50557,21.69432,21.79276,21.10449,1237659754449142221,0.2004914,68987912448,77759454
12.1826326595931,-0.793406061970176,52522.34884536,22.56759,23.89625,22.00341,21.75322,20.84924,1237659754449142409,0.2203973,281543964623104,77759383
12.1944668016686,-0.755314698216231,52522.34884536,25.2528,22.79994,21.606,21.03017,20.35262,1237659754449142422,0.1545418,281543964623104,77759295
12.1846675656878,-0.760898305313695,52522.34884536,25.2204,24.95409,22.8384,21.46883,21.04351,1237659754449142511,0.1636399,281475245146368,77759387
12.1993271214987,-0.785645955241656,52522.34884536,23.65096,22.86889,22.9478,21.60079,22.2403,1237659754449142518,0.17852,281543964623616,77037088
12.1749056642903,-0.760211691318621,52522.34884536,21.96904,21.94462,21.30436,21.05344,20.30575,1237659754449142169,0.1332342,68987912960,77759361
12.1730002466533,-0.758280069014485,52522.34884536,22.91543,22.30092,21.421,21.74828,23.11682,1237659754449142167,0.2203982,68987912960,77759360
12.1775813352481,-0.748866902120997,52522.34884536,22.8565,22.06566,21.39605,21.04826,20.96425,1237659754449142182,0.1162132,2416187539712,77759364
12.1791800462083,-0.758212907555249,52522.34884536,23.49849,22.46444,20.87899,20.1616,19.88257,1237659754449142188,0.05499413,217164284160,77759367
12.1774798803322,-0.781213650403986,52522.34884536,22.99631,23.15701,22.18036,21.70674,21.34194,1237659754449142396,0.1729115,281543964623616,77759363
12.1786565420239,-0.765156852362065,52522.34884536,23.86971,24.31286,22.83055,21.37577,21.68645,1237659754449142510,0.1645271,281543964623104,77759392
12.1779854510984,-0.759277292198855,52552.34309687,24.53416,24.73737,23.50849,22.31279,22.19799,1237659904789578326,0.2245958,316728370266384,77759368
12.1811443015039,-0.779234988019084,52552.34309687,24.80717,22.65999,21.7763,21.5965,20.76089,1237659904789578333,0.1031608,68987912448,77759369
12.1775086247758,-0.781297507671359,52552.34309687,22.64088,22.87314,21.52212,21.27104,20.79072,1237659904789578547,0.1584492,281543964623104,77759363
12.1787284527439,-0.765153368152421,52552.34309687,25.63198,24.41694,22.51554,21.66283,20.99293,1237659904789578549,0.135986,281543964623104,77759392
12.1815774980916,-0.754426072281706,52552.34309687,24.58279,23.56971,22.15089,22.24315,21.41939,1237659904789578553,0.1991695,316728370266384,77759372
12.1748615012484,-0.760222671233097,52552.34309687,23.05297,22.15304,21.32927,21.11768,20.85217,1237659904789578302,0.1094634,68987912192,77759361
12.1766574482966,-0.753307321321119,52552.34309687,24.77376,24.05621,21.93327,21.36549,20.96096,1237659904789578546,0.1249001,281543964623616,77759389
12.1728969522551,-0.790481332253881,52552.34309687,23.16198,22.3966,22.79976,21.97785,21.56874,1237659904789578296,0.2462857,281543964754176,77759377
12.1771548451347,-0.775424796925996,52552.34309687,25.15172,23.01985,22.31343,21.0231,20.31621,1237659904789578664,0.1171322,281543964754176,77759378
12.1853483083181,-0.778031466364202,52552.34309687,24.01253,22.81611,22.66423,22.4433,22.25298,1237659904789578346,0.2367512,281543964623616,77759373
12.1872269226728,-0.744129698323118,52552.34309687,24.69654,22.92176,22.20636,21.9649,21.68115,1237659904789578350,0.1522854,35191082975504,77759281
12.1895198370622,-0.752692077106306,52552.34309687,23.03815,22.28935,21.47935,21.3118,20.50865,1237659904789578358,0.1607791,68987912448,77759288
12.1935585596158,-0.769992865785299,52552.34309687,22.34264,21.71053,20.85894,20.23252,19.51501,1237659904789578364,0.06052143,68987912960,77759292
12.1826272622231,-0.793326472720387,52552.34309687,25.3542,23.25753,21.92412,21.3633,20.88385,1237659904789578556,0.1409156,281543964623104,77759383
12.1912240014093,-0.753674663977341,52552.34309687,21.5,21.38091,20.55539,20.6396,20.81268,1237659904789578562,0.2198337,281709387972936,77181567
12.1944595154406,-0.755362547999489,52552.34309687,25.86872,22.6364,21.47859,21.32952,20.79116,1237659904789578564,0.1519177,281543964623104,77759295
12.1845987516392,-0.761016739330945,52552.34309687,23.50979,23.48765,22.58839,21.40445,21.07976,1237659904789578671,0.1340383,281573022761288,77759387
12.195094645599,-0.764276717690277,52552.3435115,24.75677,22.40821,20.73165,20.00008,19.65185,1237659904789643523,0.03941663,68987912448,77759309
12.2009965920899,-0.766984123276794,52552.3435115,22.71591,22.59061,21.71587,21.55114,21.60505,1237659904789643537,0.1150193,68988044032,77759454
12.2019308585138,-0.745003962289396,52552.3435115,22.60906,22.4905,22.17166,22.14132,21.15073,1237659904789643542,0.2718906,281543964623360,77759455
12.1993998849281,-0.78564606903042,52552.3435115,22.17251,22.76327,21.78032,22.56146,21.67057,1237659904789643881,0.4867564,281543964623104,77037088
12.2026351347481,-0.760987906583994,52552.3435115,23.08579,22.51067,21.55315,21.09669,21.2547,1237659904789643543,0.0761821,68987912960,77759456
12.2058013184858,-0.775713481617306,52552.3435115,21.83093,21.13195,19.80993,19.38459,18.92661,1237659904789643549,0.03837165,68988043520,77759457
12.2087929939533,-0.755123859807182,52552.3435115,21.77499,21.46711,20.58712,20.42864,20.17407,1237659904789643554,0.09960785,68987912704,77759459
12.2085416329039,-0.749607630472025,52552.3435115,25.91178,23.12023,21.86459,20.88657,20.30387,1237659904789643557,0.08466762,35255507485456,77759460
12.2100130299344,-0.781337388659485,52552.3435115,22.43559,21.06985,20.58568,20.38226,20.01285,1237659904789643560,0.05491278,68987912192,77759927
12.2160731652011,-0.770410806153529,52552.3435115,23.01281,22.37061,21.16402,20.63916,20.29422,1237659904789643573,0.06780577,68987912448,77759939
12.2038107459599,-0.788536112085289,52552.3435115,26.0476,22.78368,21.04733,19.75994,19.37261,1237659904789643886,0.03837775,68988043520,77759463
12.2084756199668,-0.765183876565311,52552.3435115,25.37286,23.14463,22.30648,22.1361,21.60626,1237659904789643895,0.1854234,281543964623104,77759464
12.2099020238907,-0.768437753227441,52552.3435115,23.9472,23.77415,22.19683,21.67706,21.29084,1237659904789643896,0.1616436,281543964623104,77759952
12.2102457081604,-0.790817643512609,52552.3435115,25.12219,24.43183,22.58024,22.10009,21.61764,1237659904789643901,0.1666623,281543964623104,77759948
12.2145027838848,-0.753920110449172,52552.3435115,22.50481,22.6849,22.17971,21.65841,21.15877,1237659904789643910,0.1488095,281543964623104,77759938
12.2204555289699,-0.753960011282775,52552.3435115,24.20259,23.29313,22.55631,23.12575,22.17498,1237659904789643913,0.4152086,281543964623104,77759943
12.2026211953241,-0.761021939162987,52558.3518048,23.3044,22.55696,21.6223,21.12341,20.71069,1237660025045975451,0.08382758,68987912960,77759456
12.2057648999269,-0.775684909204403,52558.3518048,25.46913,21.5854,20.12106,19.59609,19.31406,1237660025045975458,0.03775389,68988043520,77759457
12.2088343777967,-0.755157027182653,52558.3518048,22.14551,21.70845,20.83231,20.70872,20.30271,1237660025045975463,0.1018333,68987912960,77759459
12.2099703717863,-0.781300621746415,52558.3518048,21.69768,20.67332,20.3577,19.96887,19.8682,1237660025045975468,0.05670663,68987912448,77759927
12.2145057354948,-0.753878414623995,52558.3518048,23.41556,22.48246,21.95565,21.54322,21.49972,1237660025045975480,0.1387249,68987912448,77759938
12.2160819165639,-0.770416562395486,52558.3518048,24.53118,22.58897,21.23308,20.82579,20.33368,1237660025045975487,0.0732059,68987912448,77759939
12.2038394854293,-0.788414567598411,52558.3518048,26.03234,22.71014,20.61781,19.47812,18.79925,1237660025045975730,0.04046522,2450547409664,77759463
12.2084846991366,-0.765199886494581,52558.3518048,24.4298,23.27045,22.2641,21.9001,21.98992,1237660025045975734,0.1571813,281543964623104,77759464
12.2113200800028,-0.767248728014652,52558.3518048,25.23083,23.61522,21.83415,21.25582,21.06106,1237660025045975737,0.1336479,281543964754176,77759949
12.209905544762,-0.76847804891792,52558.3518048,23.49615,23.46218,22.64242,21.32658,21.69246,1237660025045975866,0.1318033,281543964623104,77759952
12.1853854427021,-0.778025466592051,52558.3518048,22.16106,22.61235,21.90607,21.67765,23.8322,1237660025045975406,0.1932903,68987912448,77759373
12.1872545923603,-0.74406106566244,52558.3518048,24.68347,22.99077,22.02273,22.05388,22.8001,1237660025045975410,0.2066825,281692140994816,77759281
12.1895461749376,-0.752722530269423,52558.3518048,23.1817,22.32568,21.58719,21.26006,23.27293,1237660025045975421,0.126343,35289867358552,77759288
12.1935730791698,-0.769971861441486,52558.3518048,22.3145,22.24404,21.58716,20.63114,20.00735,1237660025045975426,0.06164547,35253360001040,77759292
12.1950805170989,-0.764277106802912,52558.3518048,24.60951,22.22205,20.60921,19.98376,19.3469,1237660025045975431,0.04523164,68987912448,77759309
12.2009799051422,-0.766957194071921,52558.3518048,22.70744,22.40866,21.54496,21.43899,20.80748,1237660025045975445,0.1459811,68987912960,77759454
12.2020132681904,-0.745025651097445,52558.3518048,23.88696,22.589,22.27318,21.58223,21.2232,1237660025045975450,0.1824617,281543964623104,77759455
12.1826532757858,-0.793423774532156,52558.3518048,27.0577,23.09776,21.47582,20.92026,20.48045,1237660025045975714,0.1500392,281543964754176,77759383
12.1845624504858,-0.761009606997268,52558.3518048,23.94099,24.53548,22.23683,21.6333,22.36824,1237660025045975717,0.1465303,281709320864512,77759387
12.1943968585438,-0.755187207143727,52558.3518048,23.18653,23.05056,21.74179,21.3275,20.9292,1237660025045975723,0.1334497,281640601387776,77759295
12.1878197983366,-0.794410822017443,52558.3518048,23.96117,23.80162,23.50097,21.43791,20.64038,1237660025045975852,0.1339536,281543964754176,77759297
12.1930036845732,-0.778456016930352,52558.3518048,23.62774,23.49741,23.16379,21.32533,21.91969,1237660025045975858,0.1686135,281543964623104,77759298
12.1766882053249,-0.753290109049814,52558.3518048,25.26,23.61817,22.14452,20.74042,20.89755,1237660025045975841,0.1553971,281475245281536,77759389
12.1748427646085,-0.760197947850463,52558.3518048,23.4495,22.30884,21.52595,21.26105,21.35407,1237660025045975368,0.1044187,68987912448,77759361
12.1775773611242,-0.74885040541483,52558.3518048,24.74886,22.30117,21.35136,21.2413,20.45188,1237660025045975381,0.1217823,2450547278080,77759364
12.1816201527696,-0.754419932807355,52558.3518048,25.24067,23.79342,22.1882,21.59342,21.73184,1237660025045975712,0.1374795,316728336711952,77759372
12.1774764589802,-0.781167580623037,52558.3518048,24.05383,22.97468,22.50303,21.2983,21.44541,1237660025045975846,0.1257583,281543964623104,77759363
12.1787293810587,-0.765197601007791,52558.3518048,26.07569,23.87392,22.78246,21.48495,20.50447,1237660025045975848,0.1294055,281543964623104,77759392
12.1776176891749,-0.748801448661028,52577.23916663,22.61491,22.13898,21.43299,20.85732,20.9243,1237660222616633872,0.08518975,68987912704,77759364
12.1792084582668,-0.758199509405827,52577.23916663,25.77106,22.36632,20.78768,20.25001,19.76654,1237660222616633880,0.05436343,35255507484944,77759367
12.1775166461203,-0.781180972465318,52577.23916663,24.82542,23.13773,22.05429,21.29538,20.91291,1237660222616634111,0.1279715,281543964623104,77759363
12.1787147731882,-0.765186992931163,52577.23916663,25.10223,23.81125,22.86334,21.41187,22.11231,1237660222616634226,0.1225446,281543964623104,77759392
12.1748902705419,-0.760228441226592,52577.23916663,23.14487,22.27993,21.34563,21.04117,21.52942,1237660222616633859,0.08930112,68987912704,77759361
12.1767333645796,-0.753284514191806,52577.23916663,25.57672,23.60038,22.81833,21.37728,21.17728,1237660222616634223,0.1288727,281543964623104,77759389
12.1770825260803,-0.775316231952961,52577.23916663,25.73389,23.74414,22.40396,20.96258,20.54656,1237660222616634224,0.1089846,281543964754176,77759378
12.1821359386552,-0.752818975186475,52577.23916663,22.89618,22.79699,21.57195,21.10061,20.44801,1237660222616633890,0.09380403,35255507484944,77759371
12.1872851160157,-0.744138379060563,52577.23916663,22.45454,22.82274,22.18843,22.19427,22.10078,1237660222616633903,0.2438514,281543964623104,77759281
12.1895770479442,-0.752683084584293,52577.23916663,23.1359,22.56286,21.86673,21.87723,20.90291,1237660222616633912,0.1942009,79792574792,77759288
12.193610643013,-0.769995382814116,52577.23916663,22.83411,22.0626,21.25747,20.50607,20.06974,1237660222616633915,0.06600522,35253360001296,77759292
12.1951308591654,-0.764242512889615,52577.23916663,26.01889,22.18303,20.65885,19.91474,19.37341,1237660222616633921,0.04406271,68987912448,77759309
12.1826837300556,-0.793369195427236,52577.23916663,23.91308,24.73036,22.34986,21.69848,21.34835,1237660222616634117,0.1472519,281543964623104,77759383
12.1847350779935,-0.760992937360066,52577.23916663,23.74372,24.27771,22.34896,21.61492,21.02106,1237660222616634121,0.1626886,281543964623104,77759387
12.1944240442129,-0.755296332392996,52577.23916663,25.62169,22.43363,21.601,21.14105,20.37532,1237660222616634127,0.1415087,281543964623616,77759295
12.2020531321371,-0.745008334131284,52577.23916663,24.45925,22.90214,22.00231,22.24825,22.22386,1237660222616633936,0.2438945,281543964623104,77759455
12.2026530459696,-0.76101571666161,52577.23916663,24.12306,22.35831,21.39371,20.81919,20.52089,1237660222616633937,0.08910476,68988048128,77759456
12.2062641519846,-0.790758193845131,52577.23916663,23.17489,22.73545,22.74141,22.24191,21.80775,1237660222616633947,0.2588561,281543964753920,77759458
12.208876133276,-0.755145181051689,52577.23916663,22.11297,21.97649,21.01239,20.85701,20.61506,1237660222616633952,0.1007781,68987912960,77759459
12.2100299938001,-0.781335360295685,52577.23916663,22.14902,21.0023,20.61376,20.42416,20.49032,1237660222616633957,0.06126814,68987912448,77759927
12.214543758276,-0.753866855512041,52577.23916663,22.23523,22.87218,22.12974,21.90048,20.94701,1237660222616633967,0.1900783,217164284160,77759938
12.2161246996056,-0.77037440054015,52577.23916663,24.05061,22.08296,21.02499,20.62004,20.31729,1237660222616633974,0.08054164,68987912448,77759939
12.2204660562185,-0.753981079104126,52577.23916663,23.24042,22.89439,22.20774,23.04814,22.58361,1237660222616633983,0.4591433,281543964623104,77759943
12.203851283281,-0.788499382682111,52577.23916663,25.0619,23.48187,21.20965,20.03387,19.50984,1237660222616634139,0.04136997,103347782400,77759463
12.2084686577332,-0.765260096667693,52577.23916663,24.2619,23.10866,22.04489,22.26996,21.71359,1237660222616634143,0.2814988,281543964623104,77759464
12.2113451265292,-0.767449176023775,52577.23916663,23.80935,23.28235,21.96226,21.25257,20.71548,1237660222616634146,0.130641,281709320995584,77759949
12.2098621941912,-0.768458731226202,52577.23916663,23.49101,23.67633,22.6919,21.73717,20.81353,1237660222616634242,0.1706366,281543964623104,77759952
12.2025752050621,-0.761045683386606,52586.24410767,22.74272,22.52848,21.51885,21.08998,20.86504,1237660355752755723,0.1204479,68987912704,77759456
12.2085385263505,-0.765235569284988,52586.24410767,26.06791,22.93463,21.93684,21.44287,21.82419,1237660355752755734,0.1452528,68987912448,77759464
12.2099333034173,-0.7813198394948,52586.24410767,22.04214,20.88523,20.52829,20.16289,19.98589,1237660355752755739,0.06389955,68987912192,77759927
12.2160980050021,-0.77042855222427,52586.24410767,23.09481,22.20989,20.87441,20.601,19.92251,1237660355752755759,0.08959751,68987912704,77759939
12.2204404443977,-0.753977482111684,52586.24410767,22.7949,23.13875,22.337,22.86076,21.99894,1237660355752755765,0.4569249,281543964623616,77759943
12.2037929282749,-0.788504037842102,52586.24410767,24.2475,23.20215,21.39498,20.13549,19.78023,1237660355752756035,0.05023684,68988043520,77759463
12.2098414295587,-0.768440689106007,52586.24410767,25.91729,23.88229,22.46207,21.35797,22.20898,1237660355752756129,0.1494871,281543964623104,77759952
12.1854480160578,-0.778056720597973,52586.24410767,22.88286,22.5819,21.38492,21.86213,20.55218,1237660355752755683,0.4454098,281640601387264,77759373
12.1935731019665,-0.769980213592133,52586.24410767,21.72761,21.4708,20.65679,20.12405,19.42412,1237660355752755699,0.08018738,68987912960,77759292
12.1951078027467,-0.764278157346676,52586.24410767,23.84966,22.21991,20.5816,19.86424,19.32051,1237660355752755707,0.05287241,268435712,77759309
12.2010136448829,-0.766937065563855,52586.24410767,24.01273,22.72743,21.93983,21.6623,22.0226,1237660355752755719,0.1538095,299136150798592,77759454
12.1944602058572,-0.755275758778188,52586.24410767,22.47423,22.86946,21.48734,21.16108,20.81437,1237660355752756029,0.1601125,281709320864000,77759295
12.1877869085533,-0.794352770750966,52586.24410767,25.12955,24.56669,22.97605,21.34603,21.00028,1237660355752756124,0.1486957,281543964754176,77759297
12.1767265837719,-0.753252261796649,52586.24410767,23.27505,24.48714,23.30492,21.26916,20.22953,1237660355752756114,0.1684709,281543964623616,77759389
12.1748599170029,-0.760252006266353,52586.24410767,22.30556,22.04616,21.19073,20.98517,21.05756,1237660355752755639,0.1177617,68987912448,77759361
12.1728674934662,-0.790460041696808,52586.24410767,23.91911,22.57062,22.54148,22.43482,21.22439,1237660355752755637,0.4809844,281543964623104,77759377
12.1774398071533,-0.781140414235515,52586.24410767,23.33242,22.92954,22.38041,21.61958,21.74803,1237660355752755651,0.1481135,2450547278080,77759363
12.1775907150789,-0.748861074682717,52586.24410767,23.42161,22.06157,21.16547,20.7006,20.49491,1237660355752755652,0.1016621,68987912448,77759364
12.1791787098453,-0.758222196780429,52586.24410767,23.32301,22.92383,20.91192,20.32076,19.64612,1237660355752755660,0.060795,68987912960,77759367
12.1811297118133,-0.7792206351201,52586.24410767,25.18722,22.72997,21.69947,21.45724,21.54305,1237660355752755668,0.1335528,68987912960,77759369
12.1776169928357,-0.748850919429215,52910.32426924,22.38803,22.08405,21.1888,20.85307,20.85818,1237663276322456145,0.08967444,68987912960,77759364
12.1791747278501,-0.75821489747932,52910.32426924,25.90679,22.27729,20.79784,20.01415,19.72396,1237663276322456151,0.04181451,35255507484944,77759367
12.1774734690443,-0.781182331293355,52910.32426924,22.9415,23.18442,22.60912,21.57209,20.97099,1237663276322456353,0.1196129,281543964623104,77759363
12.178746290761,-0.765186285521681,52910.32426924,24.58218,25.42417,22.80629,21.56093,21.11414,1237663276322456487,0.1149489,281543964623104,77759392
12.1729540216667,-0.758307903536675,52910.32426924,22.99294,22.66632,22.03609,22.04634,21.61363,1237663276322456127,0.151667,68987912448,77759360
12.1748610182081,-0.760205188731727,52910.32426924,22.36518,22.17881,21.40273,21.05537,20.59857,1237663276322456131,0.08178563,68987912192,77759361
12.1766513740328,-0.753234929479739,52910.32426924,23.38108,23.38862,23.35378,21.52009,21.09429,1237663276322456484,0.1190044,281543964623104,77759389
12.1826679630056,-0.793359318033338,52910.32426924,24.14138,23.10875,21.883,21.32295,20.79163,1237663276322455821,0.1101837,2278815826248,77759383
12.1894906324908,-0.752698370865718,52910.32426924,22.60556,22.64454,21.8124,21.51896,21.36086,1237663276322456178,0.1281967,68987912448,77759288
12.1910721818619,-0.75242879573719,52910.32426924,22.62791,22.23048,21.92316,21.01195,20.76767,1237663276322456182,0.1574195,2278815695176,77759289
12.1951045975374,-0.764252314443335,52910.32426924,23.77614,21.78627,20.58675,19.86727,19.36214,1237663276322456190,0.0382957,68987912960,77759309
12.1821144136401,-0.752800782197127,52910.32426924,24.98605,22.96248,21.52244,21.06209,20.65956,1237663276322456359,0.08477414,281571949019464,77759371
12.1846663633245,-0.760802743521983,52910.32426924,25.40918,23.60299,22.0867,21.5816,21.24411,1237663276322456367,0.1741557,281640601387264,77759387
12.1944091513223,-0.755222893744972,52910.32426924,24.25004,23.00527,21.51794,21.29755,20.56724,1237663276322456373,0.1390262,281543964623104,77759295
12.1853397225081,-0.778029431226781,52910.32426924,22.86891,22.93125,22.57598,21.99155,21.74805,1237663276322456491,0.2026747,281543964623104,77759373
12.1992266956017,-0.78567260806772,52910.32426924,24.71004,23.05871,22.72581,21.68572,21.51519,1237663276322456497,0.1872751,281543964623104,80032236
12.2010481155067,-0.766963209336876,52910.32468387,22.60049,23.21206,21.94641,21.80313,21.25499,1237663276322521718,0.1361312,281543964754688,77759454
12.2020516251207,-0.744951551719241,52910.32468387,24.9726,22.76357,22.50867,22.02388,22.17919,1237663276322521382,0.1696162,68987912448,77759455
12.2026206247552,-0.761024317049032,52910.32468387,22.66398,22.76787,21.51202,21.12988,20.68991,1237663276322521383,0.07716565,68987912448,77759456
12.2057809161889,-0.77566926593336,52910.32468387,23.3596,21.42793,20.21763,19.68184,19.33322,1237663276322521388,0.03542132,68987912448,77759457
12.2088197006572,-0.755128061756941,52910.32468387,22.90339,22.04884,21.12601,20.98902,20.74323,1237663276322521394,0.09613901,68987912448,77759459
12.2099936040974,-0.781312862485003,52910.32468387,22.01725,20.88045,20.42398,20.21136,20.04069,1237663276322521395,0.05108165,68987912192,77759927
12.2145213155969,-0.753934547822987,52910.32468387,24.09742,22.48661,22.32169,21.36222,21.83283,1237663276322521405,0.1102371,68987912448,77759938
12.2160986087527,-0.770388168314,52910.32468387,22.67302,22.10162,21.06347,20.5854,20.16602,1237663276322521409,0.06498874,217164283904,77759939
12.2204498769752,-0.753983943858815,52910.32468387,22.41021,22.0806,21.10516,21.24007,20.62527,1237663276322521416,0.2704948,68987912448,77759943
12.2037949875481,-0.788521356706218,52910.32468387,23.26676,22.68213,21.06169,19.78894,19.21467,1237663276322521723,0.03751083,68988043520,77759463
12.2099221794728,-0.768531068925923,52910.32468387,24.31558,23.83922,22.43954,21.90995,21.46182,1237663276322521732,0.1715315,281709320864512,77759952
12.2113299352979,-0.767231364941625,52910.32468387,24.64719,23.13095,22.01314,21.56809,20.38627,1237663276322521734,0.1374193,68988043520,77759949
12.2103146550006,-0.790867657092994,52910.32468387,24.49251,25.29992,22.75973,21.51956,21.28859,1237663276322521900,0.125248,281543964754176,77759948
12.206386739473,-0.79073849402523,52931.25456227,23.82357,22.37627,22.39952,22.28085,22.9891,1237663478202040863,0.3562215,281543964754176,77759458
12.2088386743445,-0.755113605824795,52931.25456227,22.43462,21.83991,21.26458,21.04805,20.56067,1237663478202040864,0.1066403,68987912192,77759459
12.2161168173148,-0.770432072943732,52931.25456227,22.75384,22.31899,21.08277,20.63541,20.19137,1237663478202040882,0.07418674,217164284160,77759939
12.2037891116763,-0.788527112281119,52931.25456227,22.08327,22.64482,20.74979,19.58047,18.85811,1237663478202041060,0.04161295,68988044032,77759463
12.2102744485332,-0.790843285838956,52931.25456227,24.19828,24.09491,22.56743,21.87227,21.38148,1237663478202041069,0.1717794,281543964623104,77759948
12.2112723702265,-0.767232199084802,52931.25456227,26.25455,23.67709,21.48601,21.3385,20.91039,1237663478202041070,0.2170935,281543964754176,77759949
12.2145411152453,-0.754001476349466,52931.25456227,23.16539,22.96557,22.06807,21.63912,21.25053,1237663478202041076,0.1557889,281543964623104,77759938
12.1820775335152,-0.75285003665664,52931.25456227,22.92929,22.72286,21.60967,21.30708,20.35068,1237663478202040802,0.1189883,79792439624,77759371
12.1935845678398,-0.770004684471313,52931.25456227,22.46719,22.29894,21.7385,20.8508,20.43561,1237663478202040831,0.07196373,35255541039448,77759292
12.1944733186464,-0.755319781701238,52931.25456227,23.1932,22.82782,21.77445,21.55355,21.56026,1237663478202040836,0.1542724,68987912448,77759295
12.1951150670088,-0.764321145178403,52931.25456227,24.99868,22.19015,20.62129,19.98628,19.49894,1237663478202040837,0.04503281,268436224,77759309
12.1826400169789,-0.793378262281638,52931.25456227,24.54476,24.60286,22.19374,21.82278,21.20973,1237663478202041037,0.1760679,281543964623104,77759383
12.2019656961441,-0.74495142312307,52931.25456227,22.87289,22.96009,21.76323,21.50286,21.50142,1237663478202041055,0.22693,281543964623104,77759455
12.1931204145069,-0.778463184302369,52931.25456227,26.15975,22.75317,22.42788,20.82343,22.09938,1237663478202041164,0.1328319,281543964623104,77759298
12.1748955316144,-0.760239630656729,52931.25456227,22.88898,22.37269,21.17617,21.14287,20.74284,1237663478202040777,0.1152253,103347651328,77759361
12.1767016248196,-0.753249363121451,52931.25456227,25.80249,24.60971,23.1381,21.5861,21.22052,1237663478202041145,0.144869,281543964623104,77759389
12.1770982592057,-0.775534098721977,52931.25456227,25.87376,23.8929,22.13894,20.78029,20.46562,1237663478202041146,0.1078551,281543964754176,77759378
12.1776166136774,-0.748834192060898,52931.25456227,22.45093,22.37501,21.54094,21.1021,20.69786,1237663478202040791,0.09670448,68987912448,77759364
12.1791678873681,-0.758196353727004,52931.25456227,22.52124,22.42587,20.76061,19.99788,19.97431,1237663478202040796,0.04937249,68987912960,77759367
12.1774317226461,-0.781115940069479,52931.25456227,25.71391,23.17601,22.24801,21.61186,21.80263,1237663478202041027,0.1488572,281640601387264,77759363
12.1787507356795,-0.765094632944132,52931.25456227,24.96241,23.83382,23.08414,21.59859,21.02793,1237663478202041150,0.1628548,281543964623616,77759392
12.1776195753298,-0.748879832201773,52935.25150889,23.59675,22.18204,21.37487,20.90174,20.79351,1237663525449892290,0.1073877,68987912192,77759364
12.1791883266974,-0.75819536318421,52935.25150889,26.02019,22.68424,20.91781,20.54007,20.24486,1237663525449892294,0.06625196,217164284160,77759367
12.1774890097404,-0.781212416808635,52935.25150889,24.43081,23.20975,22.21156,21.65712,21.52736,1237663525449892514,0.1578037,281543964758272,77759363
12.1815687716282,-0.754546602563728,52935.25150889,23.87535,23.28391,22.0334,21.50143,20.96621,1237663525449892522,0.1693045,281543964623104,77759372
12.1786922690092,-0.765159903305432,52935.25150889,26.2697,25.45585,23.00467,21.38808,21.01245,1237663525449892620,0.1536861,281543964623104,77759392
12.174873406386,-0.760265189404507,52935.25150889,23.13387,22.14631,21.05716,21.13394,20.92221,1237663525449892279,0.1318261,2450547278592,77759361
12.1767788000098,-0.753224290224906,52935.25150889,24.60309,24.42178,22.31662,21.52251,21.13281,1237663525449892513,0.1400625,281709320864000,77759389
12.1771922942092,-0.775415447133179,52935.25150889,23.78342,23.79883,22.14812,20.9894,20.3304,1237663525449892617,0.1396581,281543964754176,77759378
12.189510916898,-0.752754808236826,52935.25150889,22.82356,22.60268,21.70991,21.48067,20.92537,1237663525449892321,0.1674547,68987912448,77759288
12.1935589039807,-0.770019697499368,52935.25150889,22.06382,21.25231,20.56947,20.17041,19.21928,1237663525449892326,0.08429165,68987912448,77759292
12.1951060914905,-0.764316376887668,52935.25150889,24.10642,22.26293,20.61634,19.90328,19.4065,1237663525449892329,0.04774133,217164284672,77759309
12.199511861615,-0.78554306255674,52935.25150889,22.08874,21.86439,21.89763,21.86767,20.60628,1237663525449892340,0.4503196,281543964623104,77037088
12.1821215850365,-0.752780718535215,52935.25150889,24.39993,22.94941,21.24888,20.95203,20.02049,1237663525449892523,0.108431,68987912448,77759371
12.1825682265078,-0.793292470683829,52935.25150889,24.9153,24.08674,22.3405,21.66884,21.66199,1237663525449892524,0.1689833,281709320864000,77759383
12.1944156728182,-0.755286745662692,52935.25150889,25.85408,22.40951,21.04265,21.04565,20.44633,1237663525449892537,0.1903477,281543964623104,77759295
12.1846070984848,-0.76123774095369,52935.25150889,23.79869,25.89575,23.22468,21.40767,21.91231,1237663525449892624,0.1706475,281543964623104,77759387
12.2026306538799,-0.761054289892986,52935.25150889,22.70715,22.56799,21.54478,21.03611,20.48387,1237663525449892347,0.08818443,217164284672,77759456
12.2057724964461,-0.775677179893953,52935.25150889,21.67248,21.32413,20.08904,19.55924,19.07297,1237663525449892354,0.04379594,68988043264,77759457
12.2088138586469,-0.755142466410156,52935.25150889,22.47266,22.03045,21.08064,20.78982,20.60791,1237663525449892358,0.09652279,68987912448,77759459
12.2099849940183,-0.781331041706217,52935.25150889,22.09793,20.95808,20.50692,20.23808,19.91916,1237663525449892363,0.06511121,68987912192,77759927
12.2145978802684,-0.753870697106063,52935.25150889,24.02369,22.69029,22.0075,21.56771,20.81249,1237663525449892372,0.1788225,2450547278080,77759938
12.2160856634504,-0.770373405946913,52935.25150889,23.15328,21.8093,20.90987,20.29338,19.91542,1237663525449892379,0.07832232,68987912448,77759939
12.2038055508945,-0.788505794660632,52935.25150889,27.02165,22.55836,21.0117,19.57021,19.3201,1237663525449892544,0.04132324,68988043520,77759463
12.2085721112771,-0.765187324101763,52935.25150889,23.85424,23.38074,22.09346,21.78198,21.63677,1237663525449892547,0.1651743,281543964623104,77759464
12.2204197618182,-0.753971874825806,52935.25150889,24.79804,23.00811,22.08352,21.853,21.10916,1237663525449892555,0.2213845,281543964623104,77759943
12.2098155605281,-0.768441054931205,52935.25150889,23.86596,24.01531,23.14147,21.38761,21.15532,1237663525449892644,0.1290164,281543964623104,77759952
12.2026432424598,-0.761021452834342,52959.19494393,23.30004,22.55828,21.37704,20.92175,20.35318,1237663714409054788,0.06776319,68987912960,77759456
12.2057704333166,-0.775668628339567,52959.19494393,21.84118,21.09292,19.78981,19.31542,18.91833,1237663714409054795,0.03505253,68988043776,77759457
12.2064434955444,-0.790777713664817,52959.19494393,24.29254,22.71462,22.84609,22.85719,21.57166,1237663714409054800,0.4073118,281543964758272,77759458
12.2088468841132,-0.755145518891142,52959.19494393,22.47917,21.66624,20.78835,20.6567,20.37498,1237663714409054803,0.08483576,68987912448,77759459
12.208455330119,-0.749555498668597,52959.19494393,24.49588,23.27661,21.59313,20.97916,20.286,1237663714409054806,0.08604603,35255507484688,77759460
12.2091140049107,-0.750603049853064,52959.19494393,23.65277,22.104,21.77278,21.39776,20.83951,1237663714409054807,0.08662874,35253393555472,77759934
12.2100006046483,-0.781318652761824,52959.19494393,21.86359,21.00666,20.56362,20.27704,20.24172,1237663714409054808,0.04955709,68987912704,77759927
12.2160741459378,-0.770409345158578,52959.19494393,23.25855,21.79263,20.90233,20.4921,20.13441,1237663714409054823,0.07148946,68987912448,77759939
12.2084955929811,-0.76517871676827,52959.19494393,23.44861,22.78463,21.79753,21.52794,21.23631,1237663714409055088,0.145631,281543964623104,77759464
12.2114016326944,-0.767347787674474,52959.19494393,24.95164,25.55346,21.7816,21.32023,20.29859,1237663714409055091,0.1271579,2450547409152,77759949
12.2145774467585,-0.754009254892441,52959.19494393,22.81731,22.96055,22.20032,21.52398,21.07118,1237663714409055099,0.126055,281543964623104,77759938
12.2098257052315,-0.76838424980157,52959.19494393,23.5479,23.84272,22.93809,21.94465,20.97059,1237663714409055259,0.1620828,316730484195600,77759952
12.2102879326802,-0.790810880813733,52959.19494393,25.32174,24.7503,22.55672,21.63799,21.5429,1237663714409055261,0.1478209,281543964754176,77759948
12.2162834915189,-0.777023074598013,52959.19494393,22.30931,22.99086,22.71853,21.78862,21.73639,1237663714409055265,0.1859606,281543964623104,77759940
12.1853944197843,-0.778030959498747,52959.19494393,23.34887,22.72457,22.0338,22.5724,22.43062,1237663714409054732,0.3454455,281640601387264,77759373
12.1872358494093,-0.744103406157658,52959.19494393,25.26702,22.51831,21.92755,22.0135,21.73558,1237663714409054735,0.2014778,68987912192,77759281
12.1912301417622,-0.753492535006621,52959.19494393,23.29894,23.44213,22.29178,22.03763,21.81761,1237663714409054749,0.1825757,316728370401296,77181567
12.1911766964091,-0.752455791966979,52959.19494393,23.14331,22.77912,22.57725,22.23932,21.96362,1237663714409054750,0.1821632,35219033952600,77759289
12.1950980276639,-0.764272005622041,52959.19494393,24.42933,22.12012,20.54388,19.85134,19.43488,1237663714409054763,0.03658504,68987912960,77759309
12.2010038733844,-0.766937997109994,52959.19494393,23.75963,22.59046,21.83301,21.91911,21.34925,1237663714409054783,0.1348827,68987912960,77759454
12.1846994498566,-0.761089238565045,52959.19494393,23.06963,23.83924,22.05886,21.17725,20.42437,1237663714409055061,0.1156374,281543964623104,77759387
12.1944191957915,-0.7553259595654,52959.19494393,22.8357,22.56805,21.50663,21.08837,20.99845,1237663714409055070,0.1190288,281543964623104,77759295
12.2020428690382,-0.744925741932807,52959.19494393,23.28067,23.09241,22.0966,22.10733,21.52994,1237663714409055079,0.2159311,281543964623104,77759455
12.199496429432,-0.785560479916695,52959.19494393,23.12795,23.60681,22.69524,21.96331,21.18882,1237663714409055252,0.1813508,281543964758272,77037088
12.1748724681029,-0.760228204947962,52959.19494393,23.18565,22.21877,21.43834,21.30527,21.04179,1237663714409054686,0.08853104,103347650816,77759361
12.176680238877,-0.753270019714837,52959.19494393,24.31466,23.96756,22.41731,21.73185,20.83308,1237663714409055047,0.1262185,281543964623616,77759389
12.1770466567571,-0.775544336315428,52959.19494393,23.72344,22.47697,21.1028,20.39995,20.26746,1237663714409055048,0.1135356,281640601387264,77759378
12.1773478907011,-0.781302054919323,52959.19494393,23.53624,23.29408,22.20885,21.39512,21.00771,1237663714409055049,0.1034976,281543964623104,77759363
12.1776036560902,-0.748866066261967,52959.19494393,22.76971,22.11736,21.35462,20.91827,20.36469,1237663714409054699,0.07914306,68987912704,77759364
12.1791563322283,-0.758195665200354,52959.19494393,23.35316,22.46526,20.84886,20.0322,19.65951,1237663714409054705,0.03891041,35253360001296,77759367
12.1779861206421,-0.759312208940973,52959.19494393,24.96492,24.5235,23.8161,22.29309,21.99267,1237663714409054706,0.197537,316728370266384,77759368
12.1816028526929,-0.754467457354444,52959.19494393,24.77171,23.93076,21.92982,21.91872,21.8056,1237663714409054717,0.1412755,316728336847120,77759372
12.1787530224898,-0.76518183302226,52959.19494393,26.00218,25.1415,22.77831,21.65994,20.86295,1237663714409055239,0.1309074,281543964623104,77759392
12.177607720956,-0.748872713769298,52963.17471733,23.5322,22.26696,21.36524,20.93334,20.83069,1237663783128990173,0.07113923,68987912448,77759364
12.1791557619622,-0.758192270092569,52963.17471733,24.01531,22.40514,20.74983,20.21002,19.43182,1237663783128990182,0.04211632,35253360001552,77759367
12.1808852788417,-0.763240161043663,52963.17471733,22.9498,24.46415,22.31093,23.23903,21.47541,1237663783128990589,0.5455269,281543964623616,77759380
12.1787158297105,-0.765168049703943,52963.17471733,25.23449,23.91553,22.81186,21.57277,20.85937,1237663783128990791,0.1135272,281543964623104,77759392
12.1774227744735,-0.781226378196054,52963.17471733,23.81488,22.69427,22.08735,21.65541,21.03474,1237663783128990172,0.1184196,68987912448,77759363
12.1770670280983,-0.77538037144528,52963.17471733,24.73252,22.70002,21.82824,20.95923,20.65505,1237663783128990582,0.09707782,281543964623616,77759378
12.1766673606461,-0.753259927809236,52963.17471733,25.42076,23.64256,23.14049,21.44411,21.41447,1237663783128990788,0.09121857,281543964623616,77759389
12.1748262777209,-0.760209795432493,52963.17471733,22.75126,22.00582,21.50021,21.03593,21.45605,1237663783128990160,0.07555073,68987912448,77759361
12.1728506538111,-0.790421818599047,52963.17471733,25.71275,23.20378,22.67019,22.90104,22.23559,1237663783128990575,0.3656181,281543964758272,77759377
12.1821174429882,-0.752812044090034,52963.17471733,25.27006,22.61598,21.59613,20.97787,20.52264,1237663783128990196,0.07474378,35255507484944,77759371
12.185511370451,-0.77803957610149,52963.17471733,22.82232,22.8391,21.91402,22.12156,21.58733,1237663783128990205,0.264516,281709320864000,77759373
12.1935676673466,-0.769989795092232,52963.17471733,22.81503,22.45879,21.49525,20.71774,19.88214,1237663783128990232,0.0588513,35253360001296,77759292
12.1951039913282,-0.764276109133986,52963.17471733,23.59949,22.12847,20.67326,20.11546,19.66914,1237663783128990241,0.0367945,68987912960,77759309
12.2020029064089,-0.745016164757872,52963.17471733,23.67095,22.99516,22.44545,22.10377,22.17993,1237663783128990266,0.1562501,68987912448,77759455
12.1824720464702,-0.793332797835451,52963.17471733,23.6052,23.9954,22.22547,21.28871,21.61536,1237663783128990597,0.09696858,281709320864000,77759383
12.184695874696,-0.761032928261352,52963.17471733,24.97148,23.74259,22.36592,21.65346,21.61478,1237663783128990605,0.1163478,281543964623104,77759387
12.1944550545127,-0.755327679831037,52963.17471733,23.73599,22.40516,21.1968,20.78464,20.26501,1237663783128990612,0.09989812,281543964623360,77759295
12.1931872065929,-0.778434756275137,52963.17471733,24.54735,24.58675,23.00985,22.333,21.65504,1237663783128990800,0.195091,281543964623616,77759298
12.2099710897098,-0.78131166205533,52963.17471733,21.80243,20.77984,20.33802,20.03832,19.84333,1237663783128989922,0.04681509,2450547278336,77759927
12.202618421209,-0.761028638894609,52963.17471733,24.84276,22.60904,21.38709,21.00854,20.49966,1237663783128990267,0.06910123,68987912960,77759456
12.2063120072279,-0.790797383588984,52963.17471733,22.83803,23.19451,23.02034,22.39835,21.4896,1237663783128990280,0.1932129,281543964623616,77759458
12.2088436334863,-0.755115598369087,52963.17471733,22.10997,21.73728,20.74337,20.60306,20.37465,1237663783128990281,0.08503465,68987912448,77759459
12.2085229880826,-0.749586848725167,52963.17471733,24.48457,23.65199,22.03819,21.01493,20.52023,1237663783128990287,0.07494387,35191082975504,77759460
12.2145533376918,-0.753911371496588,52963.17471733,23.29598,22.48681,22.20708,21.37223,21.42058,1237663783128990299,0.1132549,2450547278080,77759938
12.2160644430337,-0.770392373187934,52963.17471733,23.85075,21.81933,20.89824,20.46725,19.76293,1237663783128990308,0.05856761,68987912448,77759939
12.2163254757272,-0.776933102673451,52963.17471733,24.19294,23.00323,23.24131,23.03156,22.57257,1237663783128990309,0.3322641,281543964623104,77759940
12.2204545977196,-0.754022609486922,52963.17471733,23.9672,22.77663,22.14138,22.02011,22.25507,1237663783128990321,0.1842136,68987912448,77759943
12.2037998906884,-0.78850185901412,52963.17471733,26.41018,22.80356,20.95929,19.70188,19.1228,1237663783128990624,0.03428257,68988044032,77759463
12.2084941494775,-0.765161660048735,52963.17471733,25.70724,23.24794,22.23101,21.70249,21.60298,1237663783128990628,0.1460871,281543964623104,77759464
12.2102734859999,-0.790769119078465,52963.17471733,25.48295,24.14357,22.50515,21.98592,21.98239,1237663783128990632,0.1401984,281543964623104,77759948
12.2089201639154,-0.770300517777791,52963.17471733,24.20158,23.044,22.3451,21.43041,21.25138,1237663783128990813,0.1765508,281543964623104,77759466
12.2098229866338,-0.768380291021106,52963.17471733,24.74106,23.79943,23.0055,21.64624,21.23282,1237663783128990814,0.1346642,281543964623104,77759952
12.2026475402075,-0.761001600122195,53352.1457467599,23.24111,22.27482,21.09154,20.79708,20.30515,1237667171857728005,0.09170268,68987912960,77759456
12.203811836297,-0.788529348756,53352.1457467599,26.06408,22.23815,20.55309,19.42218,18.96642,1237667171857728009,0.03941608,68987912448,77759463
12.2057913717187,-0.775660646762757,53352.1457467599,22.25677,21.40151,20.11993,19.6861,19.30553,1237667171857728016,0.04842999,68987912960,77759457
12.2088633641739,-0.755143146790702,53352.1457467599,22.30252,21.69072,20.93618,20.78023,20.42228,1237667171857728019,0.100642,68987912960,77759459
12.2100094886323,-0.78134243549685,53352.1457467599,22.26999,20.80622,20.31223,20.04913,20.17552,1237667171857728020,0.05615751,68987912448,77759927
12.2145218650324,-0.75400653785358,53352.1457467599,24.31555,22.38535,21.80056,21.46454,21.27166,1237667171857728030,0.1668759,68987912192,77759938
12.2161130967448,-0.77040611856342,53352.1457467599,22.80184,22.37908,21.04001,20.50488,19.93086,1237667171857728035,0.0664217,68988043520,77759939
12.2085404042948,-0.765147155381696,53352.1457467599,24.00616,23.25683,21.83748,21.35514,21.0507,1237667171857728269,0.146889,281543964754176,77759464
12.2102883851978,-0.790909257372204,53352.1457467599,24.47999,24.47524,22.16413,21.50638,22.2106,1237667171857728273,0.1693195,281543964623104,77759948
12.2112882788134,-0.767227984816495,53352.1457467599,25.35354,23.20165,21.51347,21.31591,21.54146,1237667171857728274,0.1512552,281543964758272,77759949
12.2154265184702,-0.757406619495219,53352.1457467599,24.08866,23.69828,22.57485,24.2375,21.23249,1237667171857728279,0.7467281,281543964623104,79113421
12.2204453807954,-0.754055030314259,53352.1457467599,22.97747,23.30768,22.00729,22.2724,21.09653,1237667171857728283,0.341628,281543964623104,77759943
12.2098859951859,-0.7684461676928,53352.1457467599,26.43684,23.68855,22.69588,21.60372,21.44687,1237667171857728411,0.1397099,281543964623616,77759952
12.1950882925345,-0.764253146509455,53352.1457467599,24.46351,22.1816,20.81395,20.03983,19.58439,1237667171857727985,0.0408848,103347650816,77759309
12.2019981375333,-0.744979650300837,53352.1457467599,24.10476,22.72148,22.05656,21.84331,22.52632,1237667171857728004,0.2197944,35253393555728,77759455
12.1944715738841,-0.755278226519203,53352.1457467599,23.41036,23.1908,21.74718,21.18686,20.91483,1237667171857728254,0.1096528,281543964758272,77759295
12.1853564589336,-0.778050977546455,53352.1457467599,23.33966,22.89705,22.29333,22.10192,21.86506,1237667171857727963,0.2103789,281709320863744,77759373
12.1872421701489,-0.74413235593513,53352.1457467599,24.67457,22.67088,21.94493,21.63882,21.54202,1237667171857727966,0.1482483,68987912448,77759281
12.1895133793698,-0.752704237451397,53352.1457467599,22.79128,22.62833,21.60078,21.8555,21.62907,1237667171857727970,0.2066006,281572485890376,77759288
12.1935750621962,-0.769990690432113,53352.1457467599,22.35293,21.87422,21.09495,20.58514,19.83834,1237667171857727978,0.07406912,68987912960,77759292
12.1748940900893,-0.76017818821649,53352.1457467599,22.77599,22.35487,21.33651,21.12777,20.91613,1237667171857727919,0.09903431,68987912448,77759361
12.1767142545201,-0.75323182935307,53352.1457467599,26.78924,23.42844,22.89217,20.89685,20.93486,1237667171857728389,0.1051542,281543964623104,77759389
12.1770777922831,-0.77533747043362,53352.1457467599,26.23329,22.59425,21.30668,20.39114,21.39395,1237667171857728390,0.1232866,281543964623104,77759378
12.1776536915156,-0.74889505621024,53352.1457467599,24.23637,22.28435,21.58624,21.27687,21.23973,1237667171857727935,0.1100102,217164284160,77759364
12.1820739680854,-0.752854544409039,53352.1457467599,25.06915,22.6682,21.56504,21.01077,21.21325,1237667171857727952,0.09093659,35289867223384,77759371
12.1775563311986,-0.781231565413309,53352.1457467599,25.47595,23.48483,22.1607,21.30744,22.70396,1237667171857728227,0.1165287,281543964623104,77759363
12.1791675851588,-0.758199980435269,53352.1457467599,23.32818,22.95849,20.92542,20.3016,19.74678,1237667171857728231,0.04916682,68987912448,77759367
12.1776035856967,-0.748848444757352,54424.20414964,21.86755,21.94075,21.3722,21.01344,20.7463,1237676324423008588,0.1362007,281543964623104,77759364
12.1791846492255,-0.758182909066623,54424.20414964,26.03296,21.89835,21.15233,20.48722,20.00067,1237676324423008593,0.07781642,68987912448,77759367
12.1811557375907,-0.779301435135408,54424.20414964,24.96645,24.08977,21.51353,21.31065,21.11378,1237676324423008600,0.1707144,281543964623360,77759369
12.177395497042,-0.781240106188169,54424.20414964,24.20036,22.75365,22.60286,21.45304,20.61784,1237676324423008798,0.1898882,281543964623104,77759363
12.1729481737943,-0.758332036053784,54424.20414964,25.01023,21.99844,21.78921,21.05561,20.90221,1237676324423008791,0.1788724,281543964623616,77759360
12.1748664310923,-0.760193526050113,54424.20414964,21.84339,21.35883,20.58788,20.30728,20.53341,1237676324423008582,0.1407648,281543964623104,77759361
12.1821328495369,-0.752770199817217,54424.20414964,22.42482,22.46655,21.29541,20.87236,20.52605,1237676324423008601,0.1311735,281543964622848,77759371
12.1935806382688,-0.76998654954112,54424.20414964,21.2756,21.66333,20.61791,20.10819,19.30777,1237676324423008619,0.1186619,68987912192,77759292
12.2009899497348,-0.766969226668103,54424.20414964,26.54631,22.35649,21.84034,21.37804,21.76219,1237676324423008628,0.1497919,281543964623104,77759454
12.1852861076808,-0.778061534716049,54424.20414964,26.36089,22.92201,22.64267,20.82817,21.50277,1237676324423008805,0.1670721,281543964758272,77181638
12.1878176006448,-0.794380226656282,54424.20414964,23.10343,26.63274,23.41309,21.27088,20.58418,1237676324423008807,0.1732837,281543964623104,77759297
12.2057807521353,-0.775644266157207,54424.20414964,26.3586,21.26916,20.01929,19.709,19.21485,1237676324423008458,0.06099876,68987912192,77759457
12.2099545822737,-0.78131266567008,54424.20414964,23.24256,20.20909,19.84237,19.47763,19.18291,1237676324423008463,0.07789736,68987912960,77759927
12.2027022992317,-0.761018697402539,54424.20414964,26.47993,22.5875,21.13026,20.52283,20.45639,1237676324423008630,0.1159377,281543964623616,77759456
12.2037655207964,-0.788575417663501,54424.20414964,21.71594,22.38474,20.36162,19.37634,18.72672,1237676324423008633,0.063049,68987912960,77759463
12.2087966284981,-0.754984750714085,54424.20414964,27.91012,21.41241,20.18629,20.06663,19.29783,1237676324423008637,0.1588086,217164284672,77759459
12.2161268809733,-0.770463110348641,54424.20414964,22.93304,22.77094,21.26609,20.63085,20.49353,1237676324423008647,0.09918829,281709320864512,77759939
12.2098039288732,-0.768353452201876,54424.20414964,27.71432,25.04364,21.90934,20.70358,21.06863,1237676324423008826,0.1809119,316728370266384,77759952
