objID,uniquePspsP2id,detectID,ippObjID,ippDetectID,filterID,surveyID,imageID,randomDetID,dvoRegionID,obsTime,xPos,yPos,xPosErr,yPosErr,pltScale,posAngle,ra,dec,raErr,decErr,extNSigma,zp,telluricExt,expTime,airMass,psfFlux,psfFluxErr,psfMajorFWHM,psfMinorFWHM,psfTheta,psfCore,psfQf,psfQfPerfect,psfChiSq,psfLikelihood,momentXX,momentXY,momentYY,momentR1,momentRH,momentM3C,momentM3S,momentM4C,momentM4S,apFlux,apFluxErr,apFillF,apRadius,kronFlux,kronFluxErr,kronRad,sky,skyErr,infoFlag,infoFlag2,infoFlag3,processingVersion,distance
107070121929376118,3051836340000904,175236598340000903,362684218413094,903,2,0,40940634,0.830127447685346,84444,55853.3662237,1520.4200439453125,2290.06005859375,0.30316799879074097,0.30316799879074097,-0.25726601481437683,-108.4520034790039,12.1929964,-0.77026511,0.07799489796161652,0.07799489796161652,4.800179958343506,24.68630027770996,-0.07913199812173843,40.0,1.088729977607727,9.655200301494915e-06,1.3757600072494824e-06,1.5007100105285645,1.2695300579071045,27.470199584960938,-0.2035049945116043,0.9990770220756531,0.9990770220756531,1.1734000444412231,1.5852100432312e-06,0.3220509886741638,-0.0631399005651474,0.32989799976348877,1.2683600187301636,0.7842199802398682,-0.12734299898147583,0.020418500527739525,0.006254840176552534,-0.017337899655103683,2.1886300601181574e-05,5.304240175973973e-07,0.8974570035934448,3.0871999263763428,2.224260060756933e-05,3.0441099170275265e-06,3.1708900928497314,2.093190050800331e-05,2.174829887735541e-06,35667969,0,7374912,3,0.0006436380556715415
107070121929376118,3053898140000464,210649215140000463,362684218413094,463,2,0,52755214,0.390323149403858,84444,56207.4923862,443.97198486328125,137.56700134277344,0.3509649932384491,0.3509649932384491,-0.25655001401901245,-165.3520050048828,12.19286642,-0.7702558,0.09004019945859909,0.09004019945859909,7.838479995727539,24.64739990234375,-0.09247499704360962,40.0,1.1888099908828735,7.788719813106582e-06,1.2847799553128425e-06,1.1596699953079224,1.0837299823760986,-80.7843017578125,-0.14274300634860992,0.9431570172309875,0.0,0.8710340261459351,4.5604999269165114e-15,0.25959300994873047,-0.007073749788105488,0.18642400205135345,1.4188899993896484,0.8796179890632629,0.029128899797797203,-0.0012103000190109015,-4.684919986175373e-05,-0.008947210386395454,2.0783900254173204e-05,5.293139793138835e-07,0.760761022567749,2.565500020980835,3.6525598261505365e-05,4.177769824309507e-06,3.5472300052642822,-9.146630327450112e-05,2.430869926683954e-06,35667969,32,34880,3,0.0006436380556715415
107070121929376118,3053924140000557,210650376140000556,362684218413094,556,2,0,52757114,0.728677967310583,84444,56207.5039957,438.125,128.95599365234375,0.3100920021533966,0.3100920021533966,-0.2565619945526123,-165.3470001220703,12.193017,-0.7701534,0.07955790311098099,0.07955790311098099,6.050189971923828,24.64940071105957,-0.08893299847841263,40.0,1.2349300384521484,9.262619641958736e-06,1.3499700344254961e-06,1.2757500410079956,1.2042800188064575,9.69474983215332,-0.12628500163555145,0.9312610030174255,0.9312610030174255,0.8462830185890198,1.4467800291129151e-09,0.2918570041656494,0.01748259924352169,0.19593599438667297,1.0150200128555298,0.9034389853477478,-0.16224099695682526,-0.03154920041561127,0.0052095698192715645,0.0005514710210263729,2.0849000065936707e-05,5.287250246510666e-07,0.791828989982605,2.8221800327301025,2.0025800040457398e-05,3.0477599466394167e-06,2.5375499725341797,-5.8797399105969816e-05,2.409529997748905e-06,35667969,0,7374912,3,0.0006436380556715415
107070121929376118,3066916030000623,248638833030000622,362684218413094,622,2,0,66787103,0.145259903879147,84444,56587.3885697,720.8350219726562,3164.080078125,0.49852898716926575,0.49852898716926575,-0.25592100620269775,-108.7249984741211,12.19306791,-0.77024494,0.12758399546146393,0.12758399546146393,1.111989974975586,24.684099197387695,-0.09318900108337402,40.0,1.075510025024414,7.977029781613965e-06,1.8690900560613954e-06,1.3081200122833252,1.14274001121521,-82.4990005493164,0.012864099815487862,0.8467280268669128,0.8467280268669128,1.0245699882507324,0.26614299416542053,0.1630070060491562,-0.06778699904680252,0.2996630072593689,0.8595229983329773,0.7367159724235535,-0.04610930010676384,-0.11659599840641022,0.039046600461006165,0.0076268999837338924,1.0884799849009141e-05,3.7758599091830547e-07,0.541916012763977,2.8151299953460693,8.630880074633751e-06,2.352049932596856e-06,2.1488099098205566,4.583789996104315e-05,2.99182011076482e-06,35651585,0,32768,3,0.0006436380556715415
107070121935146405,3047761500001019,212130320500001018,362684218413178,1018,3,0,53611150,0.4207764839947,84444,56222.3034689,4429.31982421875,3875.159912109375,0.21562400460243225,0.21562400460243225,-0.2554270029067993,110.47599792480469,12.19354613,-0.77005433,0.055076099932193756,0.055076099932193756,5.281429767608643,24.490400314331055,-0.11360800266265869,45.0,1.219849944114685,1.3079000382276718e-05,1.3254699524622993e-06,0.9618790149688721,0.8491740226745605,-89.80339813232422,-0.1288450062274933,0.9978309869766235,0.0,1.0461100339889526,1.2817599781556055e-07,0.14792600274085999,-0.00764237018302083,0.12185899913311005,0.99726402759552,0.6559739708900452,-0.015293099917471409,-0.017290299758315086,-0.0015863199951127172,-0.0013719999697059393,2.522149952710606e-05,5.964340061836992e-07,0.8504840135574341,2.043410062789917,3.0108900318737142e-05,3.4210499961773166e-06,2.4931600093841553,4.569040174828842e-05,3.002819994435413e-06,35667969,32,2112,3,2.1986014401939425e-05
107070121935146405,3047783500000448,212131526500000447,362684218413178,447,3,0,53612750,0.715659466307293,84444,56222.3155315,4433.72021484375,3879.239990234375,0.1915069967508316,0.1915069967508316,-0.2554050087928772,110.4739990234375,12.19356058,-0.77000731,0.04891179874539375,0.04891179874539375,4.134610176086426,24.467500686645508,-0.13851499557495117,45.0,1.1752099990844727,1.4978900253481697e-05,1.3482200529324473e-06,0.9135000109672546,0.8582659959793091,73.29570007324219,-0.13675199449062347,0.9987969994544983,0.0,0.9988700151443481,3.5556400689529255e-05,0.0814933031797409,-0.005373749881982803,0.13465599715709686,0.8423179984092712,0.6823530197143555,0.010758600197732449,-0.022199099883437157,0.004086010158061981,0.012715400196611881,2.5406399799976498e-05,6.031169732523267e-07,0.8504840135574341,2.0432400703430176,2.456599941069726e-05,3.0001399409229634e-06,2.10578989982605,4.578410153044388e-05,3.05499997921288e-06,35667969,32,2112,3,2.1986014401939425e-05
107070121935146405,3051749340000786,167262321340000785,362684218413178,785,4,0,37064034,0.523928808536314,84444,55773.6233972,2637.179931640625,3403.820068359375,0.34191301465034485,0.34191301465034485,-0.25725799798965454,-138.44400024414062,12.19358798,-0.77001868,0.08795980364084244,0.08795980364084244,4.6422200202941895,24.290700912475586,0.008712000213563442,30.0,1.078410029411316,2.0116700397920795e-05,3.2327400276699336e-06,1.3330800533294678,1.2675600051879883,24.804000854492188,0.15685699880123138,0.9990730285644531,0.9990730285644531,1.1302000284194946,3.446830078246421e-06,0.29093900322914124,-0.022867899388074875,0.26465800404548645,1.3741400241851807,0.9112709760665894,-0.0979233980178833,0.0002211740065831691,-0.0024948499631136656,-0.0009202940273098648,3.672219827421941e-05,9.578750450600637e-07,0.8974570035934448,3.087100028991699,4.391940092318691e-05,7.680780072405469e-06,3.435349941253662,6.31931034149602e-05,5.089899786980823e-06,35667969,0,7374912,3,2.1986014401939425e-05
107070121935146405,3051849340000918,175237766340000917,362684218413178,917,2,0,40942534,0.319546197838659,84444,55853.3778969,1509.530029296875,2287.830078125,0.31950199604034424,0.31950199604034424,-0.25726500153541565,-108.4520034790039,12.19353731,-0.77004294,0.08219649642705917,0.08219649642705917,2.0639901161193848,24.67959976196289,-0.08790899813175201,40.0,1.0787400007247925,7.746460141788702e-06,1.16324997634365e-06,1.285730004310608,1.1370600461959839,15.906700134277344,-0.3369080126285553,0.9980850219726562,0.9980850219726562,1.1707299947738647,0.03901840001344681,0.15995700657367706,-0.01759590022265911,0.18419499695301056,0.7795670032501221,0.7885100245475769,-0.10968899726867676,-0.042293399572372437,0.008007289841771126,0.027178600430488586,1.0752400157798547e-05,3.737669942438515e-07,0.8689860105514526,2.5726499557495117,8.47075989440782e-06,1.8520399862609338e-06,1.9489200115203857,2.0107599993934855e-05,2.16202010960842e-06,35651585,0,7374912,3,2.1986014401939425e-05
107070121935146405,3051967510000782,252420106510000781,362684218413178,781,5,0,68050051,0.670610130457776,84444,56625.2015292,1060.699951171875,4335.7900390625,0.3290869891643524,0.3290869891643524,-0.25639399886131287,98.78849792480469,12.19353569,-0.77000162,0.08437609672546387,0.08437609672546387,0.3861750066280365,23.298200607299805,-0.013093000277876854,80.0,1.2159299850463867,3.323869896121323e-05,5.141059773450252e-06,1.2082600593566895,1.0354599952697754,74.14299774169922,0.28842198848724365,0.9976860284805298,0.9976860284805298,1.0591100454330444,0.6993669867515564,0.11208000034093857,0.007301140110939741,0.18140900135040283,0.7479029893875122,0.44477999210357666,0.11268500238656998,0.03892489895224571,0.015432500280439854,0.0014251399552449584,3.6505698517430574e-05,9.332019885732734e-07,0.8817179799079895,2.5639400482177734,3.07533991872333e-05,7.63989010010846e-06,1.8697600364685059,0.0002507150056771934,9.276660421164706e-06,35651585,0,7374912,3,2.1986014401939425e-05
107070121935146405,3052026650001385,251235450650001384,362684218413178,1384,4,0,67485365,0.17618719504791,84444,56613.3548607,928.5479736328125,781.7369995117188,0.28272300958633423,0.28272300958633423,-0.25636300444602966,8.7991304397583,12.19359644,-0.77007421,0.07247979938983917,0.07247979938983917,3.4398701190948486,24.235200881958008,-0.027569999918341637,60.0,1.1166800260543823,2.1222000214038417e-05,2.8199799544381676e-06,1.1658999919891357,1.019260048866272,-69.5510025024414,0.21941499412059784,0.9977660179138184,0.9977660179138184,1.0973399877548218,0.0005819880170747638,0.169637992978096,-0.022267499938607216,0.24723100662231445,0.8180990219116211,0.7588549852371216,0.07068750262260437,-0.06602250039577484,-0.0001613670028746128,-0.03084160014986992,3.659130015876144e-05,6.987859819673758e-07,0.8689860105514526,2.5636301040649414,2.6248200811096467e-05,4.747129878523992e-06,2.0452499389648438,0.00014520199329126626,5.385280019254424e-06,35667969,0,7342144,3,2.1986014401939425e-05
107070121935146405,3052096150000688,181720946150000687,362684218413178,687,4,0,43208515,0.278086227623826,84444,55918.2096461,2027.5699462890625,971.2139892578125,0.31986498832702637,0.31986498832702637,-0.2560249865055084,-131.4720001220703,12.19353497,-0.76999714,0.08189339935779572,0.08189339935779572,4.410379886627197,24.27039909362793,-0.011070000007748604,30.0,1.0750600099563599,1.716410042718053e-05,2.580399950602441e-06,1.0747599601745605,0.9290930032730103,30.32509994506836,-0.02589379996061325,0.9982200264930725,0.9982200264930725,1.100250005722046,1.0318800377717707e-05,0.16515100002288818,-0.04792829975485802,0.1890989989042282,1.0036499500274658,0.7073169946670532,-0.011712799780070782,-0.019133999943733215,-0.0019378899596631527,0.004132170230150223,3.08915987261571e-05,8.897200132196303e-07,0.8606160283088684,2.304219961166382,2.8541300707729533e-05,5.9722601690737065e-06,2.509119987487793,7.150330202421173e-05,5.557799795496976e-06,35667969,0,7374912,3,2.1986014401939425e-05
107070121935146405,3052116150001269,181722155150001268,362684218413178,1268,4,0,43210915,0.369700121106301,84444,55918.2217332,2008.9000244140625,961.0139770507812,0.34456801414489746,0.34456801414489746,-0.25602298974990845,-131.47300720214844,12.19361122,-0.77005726,0.08821730315685272,0.08821730315685272,0.8940150141716003,24.272499084472656,-0.00891599990427494,30.0,1.0758299827575684,1.7554699297761545e-05,2.8429399208107498e-06,1.0748399496078491,1.005370020866394,63.60350036621094,0.2679060101509094,0.9967089891433716,0.9967089891433716,1.0888999700546265,0.37131398916244507,0.14243200421333313,-0.02364799939095974,0.17119699716567993,1.04489004611969,0.7445949912071228,0.07149060070514679,0.07499349862337112,-0.026857199147343636,0.04090059921145439,2.508309989934787e-05,8.02175009084749e-07,0.8753520250320435,2.560230016708374,2.974820017698221e-05,6.200610187079292e-06,2.6122100353240967,7.145539711927995e-05,5.331470219971379e-06,35651585,0,7374912,3,2.1986014401939425e-05
107070121935146405,3052165260000768,175832755260000767,362684218413178,767,1,0,41384426,0.475100311893132,84444,55859.3278113,817.655029296875,1366.56005859375,0.3515160083770752,0.3515160083770752,-0.2560720145702362,-101.58699798583984,12.1936162,-0.77002802,0.09001349657773972,0.09001349657773972,2.9927799701690674,24.45560073852539,-0.10954800248146057,43.0,1.1250100135803223,4.392769824335119e-06,7.257399943227938e-07,1.0136699676513672,0.8543239831924438,37.95439910888672,-0.2530890107154846,0.9994699954986572,0.9994699954986572,1.1246800422668457,0.002764530014246702,0.14103400707244873,0.021113600581884384,0.1326580047607422,0.7943639755249023,0.8371269702911377,0.02605690062046051,-0.02836889959871769,0.02784550003707409,0.01919879950582981,5.749880074290559e-06,2.945330095371901e-07,0.8455110192298889,2.0485799312591553,6.027630206517642e-06,1.4119699471848435e-06,1.9859100580215454,7.713109880569391e-06,1.6238999478446203e-06,35651585,0,7374912,3,2.1986014401939425e-05
107070121935146405,3053531100000730,212241895100000729,362684218413178,729,3,0,53663310,0.822509335188669,84444,56223.4192188,1915.010009765625,2717.60009765625,0.2667669951915741,0.2667669951915741,-0.2551079988479614,-159.98699951171875,12.19356329,-0.76999506,0.06805430352687836,0.06805430352687836,4.761630058288574,24.53499984741211,-0.08411099761724472,45.0,1.1106699705123901,1.1921800251002423e-05,1.4947599993320182e-06,1.2306300401687622,1.2052899599075317,61.3848991394043,-0.4248889982700348,0.9977250099182129,0.9977250099182129,1.0235999822616577,1.9203500869480195e-06,0.1966789960861206,-0.03853119909763336,0.19987599551677704,1.035580039024353,0.7857980132102966,-0.013261900283396244,-0.04513449966907501,0.024933699518442154,0.0007166690193116665,2.139289972546976e-05,5.322630158843822e-07,0.8817179799079895,2.5510799884796143,2.0577899704221636e-05,3.2421000923932297e-06,2.588939905166626,4.1874700400512666e-05,2.8395299978001276e-06,35667969,0,7342144,3,2.1986014401939425e-05
107070121935146405,3053791360000825,204056456360000824,362684218413178,824,4,0,50340636,0.0434259651633221,84444,56141.5647377,935.8510131835938,3798.14990234375,0.3355090022087097,0.3355090022087097,-0.2565529942512512,-105.36399841308594,12.193559,-0.77003061,0.08607570081949234,0.08607570081949234,4.867119789123535,24.24139976501465,-0.03799699991941452,30.0,1.1060800552368164,2.2560499928658828e-05,3.557539912435459e-06,1.2700400352478027,1.236240029335022,61.609100341796875,0.1467919945716858,0.999118983745575,0.999118983745575,1.0096299648284912,1.1323600119794719e-06,0.3330880105495453,-0.058493100106716156,0.27856799960136414,1.282289981842041,0.9888259768486023,0.03909730166196823,-0.05190629884600639,0.00792658980935812,6.488669896498322e-05,4.460139825823717e-05,1.0795899925142294e-06,0.8974570035934448,3.078629970550537,4.4389598770067096e-05,8.152460395649541e-06,3.2057199478149414,8.076759695541114e-05,5.670910013577668e-06,35667969,0,7374912,3,2.1986014401939425e-05
107070121935146405,3053808360000708,204057667360000707,362684218413178,707,4,0,50342936,0.0116138700503985,84444,56141.5768566,928.5280151367188,3792.550048828125,0.34958401322364807,0.34958401322364807,-0.25655099749565125,-105.36100006103516,12.19356414,-0.76998824,0.08968629688024521,0.08968629688024521,1.8811299800872803,24.24049949645996,-0.039448000490665436,30.0,1.0889699459075928,1.9312599761178717e-05,3.1731499348097714e-06,1.122689962387085,1.1025500297546387,66.24459838867188,0.18958599865436554,0.9986630082130432,0.9986630082130432,1.1267800331115723,0.05995409935712814,0.14325499534606934,-0.02865920029580593,0.27663201093673706,0.9634180068969727,0.7306450009346008,0.07476650178432465,0.049259599298238754,0.012065200135111809,-0.018333299085497856,2.7738800781662576e-05,8.583620001445524e-07,0.8689860105514526,2.5655100345611572,2.9896000341977924e-05,6.081939773139311e-06,2.4085500240325928,7.793529948685318e-05,5.6707199291849975e-06,35651585,0,7374912,3,2.1986014401939425e-05
107070121935146405,3053865250000379,211041770250000378,362684218413178,378,1,0,53013325,0.170249900939176,84444,56211.4179615,1561.3599853515625,741.5590209960938,0.3595759868621826,0.3595759868621826,-0.2565290033817291,-135.4290008544922,12.19352789,-0.77002869,0.09224160015583038,0.09224160015583038,1.259950041770935,24.462600708007812,-0.10723800212144852,43.0,1.0755000114440918,5.4914098654990084e-06,9.280519748244842e-07,1.2231500148773193,1.1276799440383911,42.27040100097656,-0.034481700509786606,0.9996569752693176,0.9996569752693176,1.2010300159454346,0.20768700540065765,0.2703939974308014,0.05861790105700493,0.1414880007505417,0.8169980049133301,0.7491139769554138,-0.031620800495147705,-0.0831637978553772,-0.005599549971520901,0.0019751200452446938,7.60119019105332e-06,3.3518199415993877e-07,0.8839020133018494,2.821820020675659,6.051160198694561e-06,1.449439992029511e-06,2.042490005493164,7.0580099418293685e-06,1.6587199525019969e-06,35651585,0,7374912,3,2.1986014401939425e-05
107070121935146405,3053949130000564,210651725130000563,362684218413178,563,3,0,52759013,0.55056002601102,84444,56207.5175205,1503.47998046875,849.4559936523438,0.18968899548053741,0.18968899548053741,-0.25648200511932373,164.55499267578125,12.19353525,-0.77000662,0.04865169897675514,0.04865169897675514,7.163670063018799,24.56439971923828,-0.06258399784564972,45.0,1.302459955215454,1.824060018407181e-05,1.6262199551420053e-06,1.4103800058364868,1.095420002937317,45.582698822021484,-0.1667329967021942,0.9996240139007568,0.9996240139007568,1.037950038909912,7.854369823805107e-13,0.20405499637126923,0.033727098256349564,0.17300200462341309,1.1348199844360352,0.917231023311615,0.045548900961875916,-0.03897339850664139,-0.003957009874284267,0.005231219809502363,2.856050014088396e-05,6.06974026595708e-07,0.876010000705719,2.8213000297546387,3.0275299650384113e-05,3.5329098864167463e-06,2.83705997467041,4.2827599827433005e-05,2.660249947439297e-06,35667969,0,7374912,3,2.1986014401939425e-05
107070121935146405,3053976130000969,210652998130000968,362684218413178,968,3,0,52760913,0.603326931226372,84444,56207.5302529,1502.0899658203125,847.4920043945312,0.2234400063753128,0.2234400063753128,-0.25649601221084595,164.5590057373047,12.19356225,-0.76998652,0.05731159821152687,0.05731159821152687,1.7983700037002563,24.56060028076172,-0.06282199919223785,45.0,1.383039951324463,1.4881399692967534e-05,1.5627999800926773e-06,1.2915199995040894,1.0863499641418457,41.52190017700195,-0.2310439944267273,0.9968760013580322,0.9968760013580322,1.075850009918213,0.07211810350418091,0.19564500451087952,0.030366400256752968,0.14759300649166107,0.8134179711341858,0.540166974067688,-0.0007549960282631218,0.01917400024831295,0.00028586501139216125,-0.011487799696624279,1.6015399523894303e-05,4.5716299723608245e-07,0.8658030033111572,2.56496000289917,1.6165999113582075e-05,2.599729896246572e-06,2.0335500240325928,4.5550099457614124e-05,2.8661900159931974e-06,35651585,0,7374912,3,2.1986014401939425e-05
107070121935146405,3058280540001243,98953640540001242,362684218413178,1242,2,0,9753054,0.930579142580348,84444,55090.5367503,226.3489990234375,4486.68994140625,0.29833900928497314,0.29833900928497314,-0.2570520043373108,-17.491500854492188,12.19357507,-0.77003067,0.07668860256671906,0.07668860256671906,3.6750400066375732,24.71940040588379,-0.05794699862599373,60.0,1.1458499431610107,6.805530119891046e-06,9.54266056396591e-07,1.481660008430481,1.3712300062179565,-40.857200622558594,-0.3243579864501953,0.9989879727363586,0.9989879727363586,1.222480058670044,0.00023781400523148477,0.2265540063381195,0.028773300349712372,0.2793169915676117,1.1002099514007568,0.7985479831695557,-0.0824998989701271,-0.13101500272750854,0.004271910060197115,-0.0038129400927573442,1.1097499736933969e-05,3.0516000038005586e-07,0.8865320086479187,2.8275699615478516,1.0704699889174663e-05,1.8340299448027508e-06,2.7505199909210205,1.540549965284299e-05,1.5298500102289836e-06,35667969,0,7374912,3,2.1986014401939425e-05
107070121935146405,3058396540001723,100151465540001722,362684218413178,1722,2,0,10143554,0.0369079653517417,84444,55102.5150067,183.90899658203125,4501.47021484375,0.28196099400520325,0.28196099400520325,-0.2570520043373108,-17.487699508666992,12.19356599,-0.77001454,0.07247850298881531,0.07247850298881531,-0.1979130059480667,24.721200942993164,-0.05366799980401993,60.0,1.1790499687194824,8.604510185250547e-06,1.1402800055293483e-06,1.6022900342941284,1.525730013847351,56.052398681640625,-0.1989399939775467,0.9984239935874939,0.9984239935874939,1.0934499502182007,-0.8431130051612854,0.2559700012207031,0.08889079838991165,0.3211050033569336,0.8792970180511475,0.6688209772109985,-0.05938680097460747,-0.03238010033965111,0.020345700904726982,0.0008980450220406055,9.151170161203481e-06,2.7595200435825973e-07,0.8965409994125366,3.341670036315918,7.481619832105935e-06,1.5730299764982192e-06,2.198240041732788,1.8070799342240207e-05,1.612119945093582e-06,35651585,0,7374912,3,2.1986014401939425e-05
107070121935146405,3058492410000415,281252079410000414,362684218413178,414,3,0,79373241,0.669236601022293,84444,56913.5210636,457.5050048828125,1750.31005859375,0.26779699325561523,0.26779699325561523,-0.25620800256729126,30.521499633789062,12.19354443,-0.7700346,0.06861159950494766,0.06861159950494766,1.572950005531311,24.564699172973633,-0.052896998822689056,45.0,1.0965900421142578,1.680979949014727e-05,2.115760025844793e-06,1.3445899486541748,1.296720027923584,64.62010192871094,0.29354000091552734,0.9996359944343567,0.9996359944343567,1.1445200443267822,0.11573100090026855,0.32799699902534485,0.03254830092191696,0.1790889948606491,1.1671899557113647,0.697242021560669,-0.04354739934206009,-0.09967730194330215,0.024624699726700783,0.021410400047898293,2.3703400074737146e-05,5.566980121329834e-07,0.8908259868621826,3.07450008392334,2.16725002246676e-05,4.040090061607771e-06,2.9179699420928955,5.443700138130225e-05,3.2167099561775103e-06,35651585,0,7374912,3,2.1986014401939425e-05
107070121935146405,3058513410000925,281253296410000924,362684218413178,924,3,0,79375041,0.508458614822904,84444,56913.5332332,455.2850036621094,1754.1300048828125,0.30208998918533325,0.30208998918533325,-0.25620099902153015,30.518400192260742,12.1935091,-0.77002701,0.07739579677581787,0.07739579677581787,4.9074201583862305,24.559900283813477,-0.056770000606775284,45.0,1.117319941520691,1.2435200005711522e-05,1.7655800093052676e-06,1.1671500205993652,1.1273800134658813,-56.86159896850586,0.08869720250368118,0.9970229864120483,0.9970229864120483,1.1274299621582031,9.228330100086168e-07,0.22492800652980804,-0.0220164991915226,0.2653209865093231,1.2208499908447266,0.747310996055603,0.016451800242066383,0.07722669839859009,0.022804299369454384,0.012059600092470646,2.4641900381539017e-05,5.698510108231858e-07,0.8785349726676941,2.5620100498199463,2.7115700504509732e-05,4.308220013626851e-06,3.0521199703216553,5.665660137310624e-05,3.139570026178262e-06,35667969,0,7374912,3,2.1986014401939425e-05
107070121935146405,3058530410001017,281254516410001016,362684218413178,1016,3,0,79376841,0.0485254517277008,84444,56913.5454302,457.0589904785156,1760.699951171875,0.28379499912261963,0.28379499912261963,-0.2562279999256134,30.517200469970703,12.19351156,-0.76998723,0.07271630316972733,0.07271630316972733,5.110710144042969,24.56100082397461,-0.053922999650239944,45.0,1.1458300352096558,1.5885900211287662e-05,2.118920065186103e-06,1.2939000129699707,1.2401299476623535,74.30269622802734,0.12554900348186493,0.9979150295257568,0.9979150295257568,1.1721199750900269,3.209509884527506e-07,0.318791002035141,-0.0633075013756752,0.23391200602054596,1.401170015335083,0.8196439743041992,0.03791249915957451,0.03179049864411354,0.0004671280039474368,-0.01309259980916977,2.9587199605884962e-05,6.226320010682684e-07,0.8891630172729492,2.818510055541992,3.5989800380775705e-05,5.368280199036235e-06,3.502919912338257,6.792879867134616e-05,3.6019800973008387e-06,35667969,0,7374912,3,2.1986014401939425e-05
107070121935146405,3058552410000892,281255744410000891,362684218413178,891,3,0,79378641,0.884146951962399,84444,56913.5577041,456.97198486328125,1767.18994140625,0.3476350009441376,0.3476350009441376,-0.2562499940395355,30.520200729370117,12.193559,-0.76993291,0.08908139914274216,0.08908139914274216,-0.20597100257873535,24.55940055847168,-0.05380700156092644,45.0,1.1833300590515137,1.3679299627256114e-05,2.235040028608637e-06,1.374709963798523,1.3298900127410889,-66.16130065917969,-0.000772374973166734,0.9989339709281921,0.9989339709281921,1.136989951133728,-0.8368139863014221,0.30302000045776367,-0.013503500260412693,0.1174980029463768,0.8909729719161987,0.7505090236663818,-0.06752599775791168,0.03607200086116791,-0.043554600328207016,0.030973799526691437,1.628380050533451e-05,4.5971501094754785e-07,0.9018779993057251,3.075000047683716,1.2014999811071903e-05,3.5837499581248267e-06,2.2274301052093506,7.431629637721926e-05,3.7960498957545497e-06,35651585,0,7374912,3,2.1986014401939425e-05
107070121935146405,3060025040001051,131162923040001050,362684218413178,1050,4,0,20284004,0.972312951434695,84444,55412.6294115,1362.52001953125,4375.47998046875,0.36127200722694397,0.36127200722694397,-0.2559089958667755,-136.4340057373047,12.19348544,-0.77011007,0.09245289862155914,0.09245289862155914,4.271210193634033,24.301700592041016,0.009738000109791756,30.0,1.09538996219635,1.834820068324916e-05,3.115480012638727e-06,1.1022499799728394,1.0157899856567383,-35.222900390625,0.21337099373340607,0.998537003993988,0.98260498046875,1.136989951133728,1.944190080394037e-05,0.1887979954481125,-0.009780160151422024,0.21414099633693695,0.9894170165061951,0.8707900047302246,-0.03228810057044029,-0.03431930020451546,0.019036000594496727,0.026051700115203857,3.288649895694107e-05,9.067679798135941e-07,0.8658030033111572,2.5590898990631104,3.129210017505102e-05,6.457490144384792e-06,2.4735400676727295,8.635970152681693e-05,5.874700036656577e-06,35667969,0,7374912,3,2.1986014401939425e-05
107070121935146405,3060049040000421,131163138040000420,362684218413178,420,4,0,20284404,0.394298113318438,84444,55412.6315643,1357.1500244140625,4376.08984375,0.2461100071668625,0.2461100071668625,-0.25593501329421997,-136.4409942626953,12.19360502,-0.76997217,0.06298810243606567,0.06298810243606567,5.535369873046875,24.308500289916992,0.015718000009655952,30.0,1.0984400510787964,3.683050090330653e-05,4.260250079823891e-06,1.265589952468872,1.155019998550415,-56.074100494384766,0.1675810068845749,0.998071014881134,0.998071014881134,1.141800045967102,3.105689927451749e-08,0.2818230092525482,-0.0172348003834486,0.22672900557518005,1.2333199977874756,0.8280389904975891,-0.009123030118644238,0.042378298938274384,-0.01613589935004711,-0.005890639964491129,6.56374977552332e-05,1.274789951821731e-06,0.8970549702644348,2.815279960632324,6.762330303899944e-05,9.667889571574051e-06,3.0832901000976562,0.0001304460020037368,7.083010132191703e-06,35667969,0,124815424,3,2.1986014401939425e-05
107070121935146405,3060075040000518,131262611040000517,362684218413178,517,5,0,20334804,0.296184532620185,84444,55413.6262949,1368.280029296875,4385.02001953125,0.2700589895248413,0.2700589895248413,-0.25595900416374207,-136.43499755859375,12.19355893,-0.76996357,0.0691239982843399,0.0691239982843399,3.5649399757385254,23.266700744628906,-0.06396599858999252,30.0,1.094849944114685,4.026540045742877e-05,5.1107999752275646e-06,0.8737689852714539,0.8337470293045044,14.432700157165527,0.4596270024776459,0.9964479804039001,0.08969879895448685,1.084879994392395,0.000363939005183056,0.12145599722862244,0.009040559642016888,0.14197200536727905,0.8146979808807373,0.6780440211296082,-0.010188000276684761,0.009771419689059258,-0.005137329921126366,0.0179664995521307,6.557950109709054e-05,2.0929398942826083e-06,0.8455110192298889,2.0476698875427246,6.431339716073126e-05,9.75757029664237e-06,2.036750078201294,0.00010123800166184083,1.0789400221256074e-05,35667969,32,34880,3,2.1986014401939425e-05
107070121935146405,3060092040000584,131263026040000583,362684218413178,583,5,0,20335404,0.239303409344799,84444,55413.6304455,1365.739990234375,4383.7001953125,0.4010719954967499,0.4010719954967499,-0.25595399737358093,-136.4340057373047,12.1936368,-0.77004453,0.10265599936246872,0.10265599936246872,-1.3387999534606934,23.27359962463379,-0.056609999388456345,30.0,1.1008700132369995,3.254770126659423e-05,6.135369858384365e-06,1.0029100179672241,0.9788640141487122,81.64810180664062,0.4273970127105713,0.9983000159263611,0.6709089875221252,1.1301599740982056,-0.18063600361347198,0.08413810282945633,-0.052720099687576294,0.13558700680732727,0.674780011177063,0.5376269817352295,0.11807800084352493,-0.0786684975028038,0.0009716249769553542,0.008865750394761562,2.9689599614357576e-05,1.3931900184616097e-06,0.8645449876785278,2.3035900592803955,2.2267000531428494e-05,8.64156027091667e-06,1.6869499683380127,0.00012588000390678644,1.1765900126192719e-05,35651585,32,34880,3,2.1986014401939425e-05
107070121935146405,3060209040001334,136646609040001333,362684218413178,1333,2,0,23248204,0.205076789674421,84444,55467.4663423,1366.199951171875,4382.72998046875,0.40789100527763367,0.40789100527763367,-0.25592100620269775,-136.42100524902344,12.19369782,-0.7699792,0.10438799858093262,0.10438799858093262,3.539210081100464,24.715099334716797,-0.06544999778270721,40.0,1.0815399885177612,9.136119842878543e-06,1.7514699948151247e-06,1.30649995803833,1.2957099676132202,-69.24620056152344,0.3847169876098633,0.9988830089569092,0.9988830089569092,1.2053699493408203,0.0004013279976788908,0.19359800219535828,-0.030031399801373482,0.17274899780750275,1.0885000228881836,1.0118900537490845,-0.02613149955868721,0.04789179936051369,0.026510700583457947,0.0445839986205101,1.3509299606084824e-05,4.1586301335883036e-07,0.8952469825744629,3.071049928665161,1.1654199624899775e-05,3.121439931419445e-06,2.7212600708007812,3.2978699891828e-05,2.67262998931983e-06,35667969,0,7374912,3,2.1986014401939425e-05
107070121935146405,3060279150000929,136543000150000928,362684218413178,928,3,0,23181615,0.541897875761518,84444,55466.4302642,3843.5400390625,1440.7099609375,0.27537500858306885,0.27537500858306885,-0.255842000246048,-106.38700103759766,12.19350989,-0.76996276,0.0704524964094162,0.0704524964094162,6.1793999671936035,24.617900848388672,-0.028108999133110046,45.0,1.0840599536895752,1.3257399587018881e-05,1.7158599803224206e-06,1.1778899431228638,1.0997200012207031,25.4862003326416,-0.019109100103378296,0.998013973236084,0.998013973236084,1.0317000150680542,6.434739963090408e-10,0.24078799784183502,0.012234400026500225,0.18154500424861908,1.1075400114059448,0.7919279932975769,0.015637900680303574,-0.1149120032787323,-0.014120499603450298,-0.016195399686694145,2.7189300453756005e-05,5.808889795844152e-07,0.8658030033111572,2.558419942855835,2.924410000559874e-05,3.874949925375404e-06,2.768860101699829,5.3710198699263856e-05,3.1232800665748073e-06,35667969,0,7374912,3,2.1986014401939425e-05
107070121935146405,3060297020000643,142139947020000642,362684218413178,642,3,0,25962602,0.241009698473857,84444,55522.3997433,83.9198989868164,1108.280029296875,0.270779013633728,0.270779013633728,-0.25585100054740906,-161.7429962158203,12.19358968,-0.76997903,0.06927920132875443,0.06927920132875443,-0.2524999976158142,24.60930061340332,-0.02085700072348118,45.0,1.3407599925994873,1.5519599401159212e-05,1.9751200852624606e-06,1.1500300168991089,1.0481799840927124,5.895370006561279,0.04552390053868294,0.9978010058403015,0.9978010058403015,1.0848499536514282,-0.8006550073623657,0.14090900123119354,-0.006211339961737394,0.13504600524902344,0.6968799829483032,0.5628299713134766,-0.04155949875712395,0.027227800339460373,-0.0074449097737669945,0.004905379842966795,1.388970031257486e-05,4.165300140357431e-07,0.8817179799079895,2.5585100650787354,1.3267599570099264e-05,2.905300107158837e-06,1.7422000169754028,7.947220001369715e-05,3.6678300148196286e-06,35651585,0,7374912,3,2.1986014401939425e-05
107070121935146405,3060432040000728,145431106040000727,362684218413178,727,4,0,26759304,0.829181470749137,84444,55555.3112488,42.338600158691406,3129.840087890625,0.32824501395225525,0.32824501395225525,-0.2560049891471863,-161.53399658203125,12.1935414,-0.77005784,0.08403220027685165,0.08403220027685165,2.1831600666046143,24.298999786376953,0.019582999870181084,30.0,1.3516099452972412,2.1927500711171888e-05,3.382860086276196e-06,1.3110899925231934,1.196869969367981,-15.36299991607666,0.6506549715995789,0.9992290139198303,0.9992290139198303,1.0112500190734863,0.029023699462413788,0.31039899587631226,-0.047683700919151306,0.15640099346637726,1.190000057220459,0.8436930179595947,0.03534580022096634,0.12608399987220764,0.03736120089888573,0.009308920241892338,2.9216300390544347e-05,8.583979820286913e-07,0.8974570035934448,3.0720601081848145,2.806470001814887e-05,6.449370175687363e-06,2.9750099182128906,5.5243701353902e-05,4.80582002637675e-06,35651585,0,7374912,3,2.1986014401939425e-05
107070121935146405,3060448040000695,145432263040000694,362684218413178,694,4,0,26761604,0.239803395457383,84444,55555.3228198,42.769100189208984,3129.27001953125,0.2994680106639862,0.2994680106639862,-0.256071001291275,-161.53199768066406,12.19359549,-0.77003197,0.0766851007938385,0.0766851007938385,4.349609851837158,24.297399520874023,0.020685000345110893,30.0,1.4354499578475952,3.131449921056628e-05,4.407510004966753e-06,1.6308799982070923,1.4682199954986572,10.694499969482422,0.6560389995574951,0.9994099736213684,0.9994099736213684,1.0586600303649902,1.3637700249091722e-05,0.5546740293502808,0.08275599777698517,0.4230610132217407,1.5781199932098389,1.0152900218963623,0.17753900587558746,-0.017119400203227997,0.011435200460255146,0.00987194012850523,5.707320087822154e-05,1.1814900062745437e-06,0.9250879883766174,4.097129821777344,5.25778996234294e-05,9.334329661214724e-06,3.9452900886535645,6.745739665348083e-05,5.228730060480302e-06,35667969,0,40929344,3,2.1986014401939425e-05
107070121935146405,3060480040000335,145629218040000334,362684218413178,334,5,0,26841004,0.486541738255454,84444,55557.2923621,47.77539825439453,3097.280029296875,0.32600900530815125,0.32600900530815125,-0.25605401396751404,-161.52999877929688,12.19375647,-0.77013343,0.08347590267658234,0.08347590267658234,4.604849815368652,23.20800018310547,-0.09832700341939926,30.0,1.273900032043457,6.44725005258806e-05,9.878739547275472e-06,1.4861400127410889,1.4071199893951416,-53.33409881591797,0.7548819780349731,0.9986389875411987,0.9986389875411987,1.050220012664795,4.127699867240153e-06,0.5534980297088623,-0.08250530064105988,0.37108200788497925,1.5333600044250488,0.9542170166969299,-0.16607500612735748,0.052411600947380066,0.03883500024676323,-0.039371099323034286,0.00012254300236236304,2.8925999231432797e-06,0.9110810160636902,3.5847599506378174,0.00011814499885076657,2.149660031136591e-05,3.833400011062622,0.00014429999282583594,1.267829975404311e-05,35667969,0,40929344,3,2.1986014401939425e-05
107070121935146405,3060512150000412,136544141150000411,362684218413178,411,3,0,23183315,0.418193839879887,84444,55466.4416781,3842.320068359375,1445.199951171875,0.2246679961681366,0.2246679961681366,-0.255838006734848,-106.39099884033203,12.19356019,-0.76997614,0.05747859925031662,0.05747859925031662,4.552420139312744,24.617799758911133,-0.028495000675320625,45.0,1.076550006866455,1.5976900613168254e-05,1.6870600347829168e-06,1.1145999431610107,1.066480040550232,41.20000076293945,0.0716186985373497,0.998108983039856,0.998108983039856,1.0482900142669678,5.3031799325253814e-06,0.19412900507450104,0.006690950132906437,0.15585699677467346,0.9672039747238159,0.7893970012664795,0.0019118000054731965,0.049888499081134796,-0.004345170222222805,0.01316710002720356,2.4751299861236475e-05,5.572110239882022e-07,0.8724049925804138,2.3025400638580322,2.3810600396245718e-05,3.4305201097595273e-06,2.4180099964141846,5.60609987587668e-05,3.150749989799806e-06,35667969,0,7374912,3,2.1986014401939425e-05
107070121935146405,3066723040000476,236861278040000475,362684218413178,475,4,0,62527704,0.900273443106817,84444,56469.6131472,260.14801025390625,22.58049964904785,0.18553100526332855,0.18553100526332855,-0.255962997674942,-78.7300033569336,12.19355503,-0.76999889,0.04748909920454025,0.04748909920454025,3.1204400062561035,24.295299530029297,0.015417000278830528,60.0,1.2820099592208862,2.1444899175548926e-05,1.8699900010687998e-06,0.8962810039520264,0.850400984287262,-56.07600021362305,0.02081969939172268,0.9981709718704224,0.9849799871444702,1.198699951171875,0.001805800013244152,0.10165899991989136,-0.0051387399435043335,0.11780499666929245,0.7712159752845764,0.613772988319397,-0.022331200540065765,-0.0104093998670578,0.013219100423157215,0.018235599622130394,3.281859972048551e-05,6.431449719457305e-07,0.8455110192298889,2.0476999282836914,2.8981199648114853e-05,3.702790081661078e-06,1.9280400276184082,0.00010093300079461187,4.5124697862775065e-06,35667969,0,7374912,3,2.1986014401939425e-05
107070121935146405,3066753040000654,238062618040000653,362684218413178,653,5,0,63040404,0.674503284203357,84444,56481.6266484,273.14898681640625,31.517499923706055,0.301272988319397,0.301272988319397,-0.25598499178886414,-78.72689819335938,12.19351401,-0.77003085,0.077121302485466,0.077121302485466,3.0385499000549316,23.242399215698242,-0.08249600231647491,80.0,1.1198500394821167,3.109559838776477e-05,4.403089860716136e-06,1.1585400104522705,0.9200119972229004,-60.59049987792969,0.06136399880051613,0.9981139898300171,0.9981139898300171,1.1126799583435059,0.0023771999403834343,0.19580699503421783,0.014112800359725952,0.19624100625514984,0.9348400235176086,0.5286710262298584,-0.022882699966430664,-0.09770029783248901,0.014815500006079674,-0.0012719599762931466,5.212560063228011e-05,1.1427899835325661e-06,0.8606160283088684,2.3038599491119385,4.809199890587479e-05,9.163600225292612e-06,2.337100028991699,0.00022569599968846887,9.007780136016663e-06,35667969,0,7342144,3,2.1986014401939425e-05
107070121935146405,3066943110000655,248640112110000654,362684218413178,654,3,0,66789011,0.842612985374977,84444,56587.4013932,1942.97998046875,277.2900085449219,0.2055779993534088,0.2055779993534088,-0.25588300824165344,-138.781005859375,12.19357973,-0.76997781,0.05260400101542473,0.05260400101542473,2.140899896621704,24.57200050354004,-0.06327199935913086,45.0,1.0825799703598022,1.5059200450195931e-05,1.4550399782820023e-06,1.0282200574874878,0.9634159803390503,12.257599830627441,0.1105400025844574,0.99788498878479,0.99788498878479,1.103700041770935,0.03228190168738365,0.1191139966249466,0.005980500020086765,0.13639700412750244,0.7549520134925842,0.7685850262641907,-0.004079170059412718,-0.000548524025361985,-0.0073586502112448215,0.012284900061786175,1.8104399714502506e-05,4.861090019403491e-07,0.8684750199317932,2.302949905395508,1.4077600098971743e-05,2.4500800464011263e-06,1.8873800039291382,4.785590135725215e-05,2.8944500627403613e-06,35651585,0,7374912,3,2.1986014401939425e-05
107070121935146405,3066975110000717,248641415110000716,362684218413178,716,3,0,66790911,0.475521977502407,84444,56587.4144171,1940.31005859375,280.59698486328125,0.21524499356746674,0.21524499356746674,-0.2558729946613312,-138.781005859375,12.19360406,-0.77000861,0.055075500160455704,0.055075500160455704,4.098269939422607,24.492000579833984,-0.14279499650001526,45.0,1.097309947013855,1.6311099898302928e-05,1.6501199979757075e-06,0.8690490126609802,0.8005890250205994,73.75740051269531,0.3351120054721832,0.9985169768333435,0.9985169768333435,1.0322200059890747,4.162480036029592e-05,0.10640200227499008,-5.834719922859222e-05,0.11944600194692612,0.7804080247879028,0.7524909973144531,0.014348000288009644,0.023343799635767937,0.009084369987249374,0.01834389939904213,2.3298600353882648e-05,5.733509738092835e-07,0.8405370116233826,2.046989917755127,2.228439916507341e-05,3.3143999189633178e-06,1.9510200023651123,7.869029650464654e-05,3.84204986403347e-06,35667969,0,7342144,3,2.1986014401939425e-05
107070121963376320,3060243150000568,141032168150000567,362684218413687,567,2,0,25404915,0.00571363606090996,84444,55511.3219322,3048.070068359375,371.04400634765625,0.6886339783668518,0.6886339783668518,-0.2558960020542145,-101.55899810791016,12.19639718,-0.77009056,0.17621900141239166,0.17621900141239166,-0.18740899860858917,24.20870018005371,-0.5692139863967896,40.0,1.0754899978637695,5.547310138354078e-06,1.7954299664779683e-06,1.0179500579833984,0.9753689765930176,-47.63990020751953,0.024236200377345085,0.7798470258712769,0.7798470258712769,1.0146600008010864,-0.8513399958610535,0.08183400332927704,0.012719600461423397,0.16480399668216705,-999.0,0.2821179926395416,-0.005510310176759958,-0.007121630012989044,0.02965960092842579,-0.028848400339484215,5.828940174978925e-06,3.4778000213009364e-07,0.43767601251602173,2.0471699237823486,-999.0,-999.0,-999.0,3.0311399314086884e-05,3.205250095561496e-06,35651585,0,3145728,3,0.0027704925091757895
