ra,dec,mjd_i,u,g,r,i,z,objID,err_i
12.2009485956445,-0.773295723903238,54413.26320611,24.65817,20.69491,19.48347,18.88775,18.5243,8658200972268863625,0.01501133
12.2010162852413,-0.766968557529161,52522.3488462,24.7129,22.56292,21.70212,21.79059,21.11991,8658466040448876985,0.1863913
12.202653207176,-0.761049451737674,52522.3488462,23.85173,22.47048,21.56393,20.99793,21.34195,8658466040448876988,0.09329919
12.2009508512226,-0.773284733027022,52522.3488462,24.3302,20.92135,19.47666,18.8621,18.56927,8658466040448876702,0.01472408
12.193608991468,-0.769994786587517,52522.3488462,21.73616,21.82828,20.99175,20.19764,19.66051,8658466040448876967,0.06681661
12.1950863231343,-0.764284895037752,52522.3488462,22.23038,22.26413,20.52131,19.95082,19.47443,8658466040448876972,0.05155016
12.1851962631715,-0.778271967946832,52522.3488462,22.40927,22.98706,21.92231,22.06719,23.297,8658466040448877362,0.3659422
12.1856102050886,-0.778073895353499,54413.26320611,22.70705,22.90584,22.54562,21.65849,20.70388,8658200972268864189,0.1865734
12.1883397827481,-0.760568546270012,54413.26320611,23.25811,25.26116,22.2817,23.66515,22.70111,8658200972268864106,0.8889471
12.1915290505807,-0.762411225107697,54413.26320611,22.55792,20.55008,19.1365,18.48493,18.0439,8658200972268863624,0.01117476
12.1972228405707,-0.766327168083563,52522.3488462,23.48002,24.72555,26.08332,25.0655,20.60445,8658466040448877346,0.7214277
12.1915441824586,-0.762411602845785,52522.3488462,22.88903,20.63455,19.16868,18.44812,18.05952,8658466040448876700,0.01114957
12.1935319373858,-0.770019476618364,54413.26320611,22.19304,21.3008,20.70673,20.08167,19.57695,8658200972268863924,0.07301441
12.1950762990224,-0.764278177136016,54413.26320611,25.85773,22.05951,20.60411,19.96477,19.72732,8658200972268863928,0.04886239
12.1915335159354,-0.762399184402787,52552.3443449,23.8238,20.57756,19.17842,18.47771,18.10904,8658466190789312668,0.009937112
12.2026328657837,-0.760982560553008,52552.3447596,23.18196,22.51278,21.54377,21.0921,21.27335,8658466190789378351,0.07110627
12.193558455598,-0.769987257890373,52552.3447596,22.45744,21.76156,20.91261,20.29413,19.58346,8658466190789378335,0.05749112
12.1950953821084,-0.764273833599931,52552.3447596,24.63205,22.39949,20.72985,19.99638,19.65606,8658466190789378336,0.03662588
12.1856805180249,-0.765128325996492,52552.3443449,22.85279,25.11035,24.72298,24.52454,20.50505,8658466190789313477,0.737501
12.1931359312655,-0.778425711889058,52552.3447596,23.43124,23.53948,23.31673,22.18005,21.65825,8658466190789378843,0.1891479
12.2025769252303,-0.760996307276995,54418.26328923,23.20879,22.71843,21.43079,20.93266,20.94805,8658201040988996140,0.07674576
12.2009915594756,-0.773280374961765,54422.2681472901,22.78089,20.75399,19.46122,18.86115,18.55746,8658201092527423574,0.01551658
12.2009878427024,-0.766915464202561,54418.26328923,22.58364,22.66548,21.96646,21.63353,21.17372,8658201040988996139,0.1302086
12.1915603748731,-0.762410651192325,54422.2681472901,23.13008,20.51645,19.14814,18.44379,18.08325,8658201092527423571,0.01159859
12.1846253770734,-0.760963602780039,54418.26328923,23.31783,23.43778,22.65129,21.6435,21.25493,8658201040988996405,0.1384825
12.1854380735581,-0.778181312537077,54418.26328923,25.81581,22.32728,22.33117,22.06859,22.22782,8658201040988996102,0.2997086
12.1855803790495,-0.778011654846371,53622.35405081,23.24535,22.8426,22.3981,22.29313,21.17052,8658194259230917106,0.2791536
12.1914974935122,-0.762391744441003,54418.26328923,23.60114,20.51424,19.12698,18.48094,18.02843,8658201040988995704,0.01019725
12.2009656571509,-0.773282538588095,53622.35405081,23.35661,20.8627,19.56439,18.90643,18.53581,8658194259230916698,0.01911031
12.1915450817994,-0.762408600414603,53622.35405081,25.81562,20.68059,19.22997,18.51421,18.12145,8658194259230916697,0.01202136
12.1935157676354,-0.769999589915981,54418.26328923,22.28683,21.45245,20.78608,20.1747,19.42299,8658201040988996122,0.0642052
12.2009957867731,-0.766979447795988,52552.3447596,22.6755,22.57272,21.71676,21.55455,21.64076,8658466190789378348,0.1079144
12.194831984784,-0.774779711270889,54422.2681472901,20.94922,19.14664,18.58681,18.38995,18.41194,8658201092527423535,0.01233611
12.1950526541656,-0.76426069173878,54418.26328923,21.95569,22.38778,20.66852,20.02064,19.60025,8658201040988996127,0.04115808
12.1951428184407,-0.764252297819088,53622.35405081,22.68352,22.51624,20.75078,20.01835,19.66311,8658194259230917117,0.04874128
12.1915378524616,-0.762399739452946,53664.30609404,24.61677,20.78582,19.43008,18.73406,18.2859,8658194997966209152,0.01855385
12.2026350509631,-0.76096009575122,53664.30609404,25.79009,22.29435,21.8132,21.17182,22.32115,8658194997966209450,0.1639961
12.2009564944201,-0.773274075726793,53664.30609404,25.02003,20.91702,19.67514,19.10766,18.69148,8658194997966209160,0.02530848
12.1935105018155,-0.769922994173545,53664.30609404,21.55804,23.58612,21.806,20.95582,20.36334,8658194997966209447,0.1455
12.1950611349424,-0.76424954058182,53664.30609404,26.06304,23.52552,21.10514,20.43019,20.19828,8658194997966209315,0.09433237
12.2022645490811,-0.768296866284441,53664.30609404,25.58931,21.85261,25.80755,25.24775,21.66566,8658194997966209163,1.029814
12.2028261284229,-0.766464082721276,54407.26771017,22.6534,23.8386,25.08307,24.03819,22.54375,8658200882074026177,1.469692
12.2009755757196,-0.773294114686725,54407.26771017,23.13267,20.68327,19.49977,18.86564,18.52437,8658200882074026352,0.02168221
12.1929089697321,-0.770291414077465,54411.22267658,22.8106,22.59004,21.952,21.46297,22.56539,8658200933607342344,0.1229594
12.1929436357719,-0.770294729086045,53669.26518442,25.77012,22.79681,21.73957,21.42945,22.42503,8658195092456473212,0.1527522
12.2010155303406,-0.766974587937501,53669.26518442,23.66224,22.77643,22.0624,21.65271,21.40307,8658195092456473237,0.1015847
12.2008160602774,-0.767221761126457,54059.26586335,23.21329,22.94997,22.03612,21.47879,23.94362,8658198545613062540,0.1728287
12.1915227788643,-0.762441740872786,54387.3572933,22.37958,20.54703,19.11045,18.44305,18.04437,8658200594310955088,0.01222699
12.185394407684,-0.778043930288783,54417.26530361,22.43508,22.46206,21.92076,21.85439,21.06298,8658201028077093222,0.2301855
12.1853903486004,-0.778005426308296,53669.26518442,23.00711,22.44389,22.27968,21.67376,21.36609,8658195092456473190,0.1658891
12.2026309178637,-0.761016707989085,53669.26518442,22.73085,22.28852,21.39749,20.82277,20.75612,8658195092456473240,0.07015119
12.1931510167468,-0.778530368383283,54411.22267658,23.01567,22.66155,22.71908,22.03759,21.86343,8658200933607343211,0.2952749
12.1853510724596,-0.778029099625157,52552.3443449,23.92765,22.69124,22.49972,22.39724,21.99901,8658466190789313077,0.2504606
12.200953165159,-0.773281500443131,52931.254564,23.06234,20.74327,19.42722,18.86715,18.53072,8658188289225064594,0.01318354
12.1935394887394,-0.770043678769327,53700.25832294,22.5799,21.87575,20.98059,20.34305,19.93174,8658195646510793044,0.0702055
12.2009509427687,-0.773286811092045,54411.22267658,23.98404,20.75327,19.39183,18.87327,18.52017,8658200933607342165,0.0118452
12.193578589243,-0.769979830148906,53669.26518442,22.40121,22.24303,21.55225,20.91102,20.10052,8658195092456473211,0.06456508
12.1851888385125,-0.775075720368033,53700.25832294,25.78679,26.45615,22.29264,24.81808,22.04747,8658195646510793246,0.7812958
12.1851108082306,-0.77381291838275,53669.26518442,20.1784,22.52425,20.02851,24.90084,24.29685,8658195092456473688,15.33748
12.2009488110216,-0.773275297548969,53669.26518442,23.52663,20.79265,19.45704,18.87731,18.54476,8658195092456472726,0.01203951
12.2009241831297,-0.773265812842821,54418.26328923,24.9501,20.78134,19.44512,18.85869,18.56747,8658201040988995742,0.01297218
12.1935875115199,-0.769969231401395,54411.22267658,22.14156,22.06421,21.43752,20.69916,20.10383,8658200933607342343,0.06339756
12.2025916070249,-0.761012147651406,54417.26530361,23.32477,22.63675,21.21137,20.87962,20.5595,8658201028077093271,0.0744183
12.2057581844771,-0.775694035849693,54053.26958412,22.34751,21.16278,19.79107,19.28671,18.83483,8658198438239142471,0.03747647
12.1950917650236,-0.764255241547113,53669.26518442,22.81819,22.07883,20.48836,19.82424,19.47153,8658195092456473219,0.03511207
12.2025415862072,-0.761005190708425,54407.26771017,24.48785,22.22219,21.53117,20.92692,21.33055,8658200882074026354,0.1317482
12.1915112052572,-0.762409510998957,54417.26530361,22.54207,20.51692,19.16692,18.45336,18.04494,8658201028077092947,0.009861284
12.2024989684741,-0.761010637742345,53685.2613568291,22.7644,23.08685,21.08969,21.59142,20.48871,8658195423170461972,0.2796941
12.2017994002839,-0.757341554133996,53697.25942276,23.65247,22.29984,23.51828,22.4343,22.58412,8658195603559022960,0.3308338
12.1846364074842,-0.760987474736665,54417.26530361,24.22181,23.68369,22.78438,21.33111,21.54346,8658201028077093722,0.1172821
12.2009344474146,-0.773288453255004,54417.26530361,23.03712,20.80746,19.44834,18.88863,18.5565,8658201028077092952,0.01284425
12.1846287723731,-0.761028918461498,54053.26958412,23.69457,24.23746,22.39105,21.3853,21.45394,8658198438239142715,0.1511535
12.2057626913692,-0.775730690227339,54407.26771017,23.24942,21.27126,20.23237,19.66527,19.31845,8658200882074026360,0.05227125
12.2010417694625,-0.766983088238295,53697.25942276,26.69255,22.67978,21.28832,21.35809,20.55197,8658195603559023188,0.1735708
12.1846093539066,-0.761065617395083,53671.34988267,24.14105,24.07858,22.50127,21.37994,21.93588,8658195135395922708,0.1227757
12.2009391115082,-0.773298450381482,54387.3572933,25.36014,20.74379,19.43304,18.89343,18.55064,8658200594310955089,0.01703
12.1845302766225,-0.761045765666451,53669.26518442,23.61024,24.25501,22.57106,21.84034,21.43838,8658195092456473466,0.131676
12.2009346127128,-0.766915608259871,53685.2613568291,22.03119,24.66743,21.21474,20.63373,20.70335,8658195423170462094,0.1798984
12.1831816971336,-0.773393091925923,53671.34988267,21.38613,25.53692,25.36364,24.11295,23.68725,8658195135395922162,0.9168201
12.184644559925,-0.761021776197705,53655.28089453,26.2077,23.223,22.54123,21.72095,22.08173,8658194821877203519,0.1840118
12.1852746291957,-0.778046464328283,54424.20414969,26.1361,22.50788,22.61962,20.73679,21.40973,8658201135446032907,0.1594417
12.2010050924288,-0.766988949005427,53700.25832294,22.85441,22.45088,21.76136,21.76397,21.23039,8658195646510793057,0.2130522
12.1908483958245,-0.780957223281231,54407.26771017,22.51439,25.84959,24.21707,23.70462,23.08789,8658200882074026169,1.291826
12.2057064687931,-0.775570749837409,53685.2613568291,23.26784,21.57374,20.33492,20.01982,19.42883,8658195423170461977,0.06775184
12.1951239692792,-0.764288922818254,54422.2681472901,23.91574,22.66998,20.66035,20.07758,19.52598,8658201092527423868,0.05105764
12.1915227428196,-0.762402125303829,54424.20414969,25.9208,20.50007,19.16542,18.42361,18.02741,8658201135446032458,0.0118923
12.2009657239787,-0.766964445416365,54424.20414969,26.44422,22.36765,21.82894,21.38491,21.73866,8658201135446032739,0.1380199
12.2026778122361,-0.761015857459397,54424.20414969,26.42675,22.80359,21.13295,20.53215,20.44684,8658201135446032740,0.1062492
12.2057703329654,-0.775711685752524,54387.3572933,25.94145,21.19603,20.02997,19.50452,19.09903,8658200594310955270,0.04610801
12.2057715235068,-0.775636062717118,53697.25942276,24.7543,21.55657,20.34507,19.83361,19.34507,8658195603559022968,0.03952874
12.2057716752219,-0.775688119091909,54417.26530361,23.5537,21.35853,19.86694,19.39004,19.05056,8658201028077093279,0.03741382
12.2057719637675,-0.775659459551322,53705.24519446,24.69985,21.46963,20.02099,19.50148,19.05998,8658195728113074529,0.03366876
12.1915383137632,-0.762394944373227,53697.25942276,23.66625,20.61354,19.23554,18.50318,18.07998,8658195603559022724,0.01000293
12.1915464206975,-0.76240675792033,53655.28089453,22.51797,20.54934,19.1448,18.42642,18.03235,8658194821877203062,0.0113639
12.205773223913,-0.775703211025831,54413.26320611,22.97629,21.34821,20.05744,19.78753,19.12831,8658200972268863950,0.04699823
12.2026417105384,-0.761010659821242,53697.25942276,25.52362,22.07447,21.54271,20.70358,20.13816,8658195603559022961,0.0785162
12.1950988092914,-0.764219776992853,54407.26771017,22.33792,21.90226,20.51015,19.88478,19.29988,8658200882074026344,0.06712525
12.2057747835325,-0.775677582892803,53669.26518442,22.23621,21.11739,19.82905,19.38826,19.0074,8658195092456473253,0.03617839
12.1931164436853,-0.778456271612005,52931.254564,26.34157,23.06637,22.74639,21.13335,22.14145,8658188289225065251,0.1252604
12.2009825882127,-0.766965268991206,54417.26530361,24.29153,22.86632,21.85961,21.77388,22.46717,8658201028077093268,0.1320927
12.1978847810824,-0.775025324999435,54407.26771017,22.65574,25.58624,25.38693,25.9871,21.74445,8658200882074026171,0.6515493
12.1950951530872,-0.764298787074938,53705.24519446,24.40138,22.29229,20.62362,19.90968,19.60523,8658195728113074508,0.03743385
12.2057760242353,-0.775705384148687,53622.35405081,22.4468,21.62842,20.28918,19.83125,19.17293,8658194259230916935,0.04875065
12.1950942968762,-0.764252297292494,54411.22267658,22.74113,22.15665,20.4652,19.75787,19.40084,8658200933607342607,0.03408458
12.193434979238,-0.770016893858276,54387.3572933,22.01858,21.94815,20.92605,20.49591,19.869,8658200594310955247,0.08644994
12.1935607248391,-0.769983930703562,54424.20414969,21.34567,21.71859,20.60569,20.11602,19.30484,8658201135446032730,0.1084539
12.1915314949625,-0.762399342104904,54411.22267658,24.36868,20.55302,19.15184,18.44821,18.08212,8658200933607342158,0.009427234
12.2057860104163,-0.775690744839918,51819.3878788,22.69089,21.18879,20.00259,19.53296,19.08473,8658177822391140580,0.03798199
12.2057873344131,-0.775681397195698,52522.3488462,22.96245,21.18904,20.00156,19.527,19.03668,8658466040448876995,0.04524644
12.2025970107559,-0.76104242798223,53700.25832294,22.72539,22.4471,21.31874,21.16693,20.69731,8658195646510793059,0.1056282
12.2009460523198,-0.773284125440945,54424.20414969,21.99482,20.74405,19.45235,18.84626,18.48462,8658201135446032462,0.01560031
12.1950673763212,-0.764275594533319,54387.3572933,23.42239,22.08039,20.69226,19.92386,19.50903,8658200594310955250,0.04819693
12.1950742454197,-0.764264972205044,54424.20414969,24.46511,22.76325,20.79761,20.13175,19.64007,8658201135446032731,0.05748314
12.1951018118043,-0.764252144517809,53697.25942276,23.24945,22.08102,20.4749,19.85711,19.18303,8658195603559022948,0.04294987
12.1823243163472,-0.778358543013985,53685.2613568291,22.25692,23.98673,26.23804,23.59878,20.39445,8658195423170462142,1.157318
12.2057901797715,-0.77569101703184,53655.28130923,22.85614,21.38972,20.1635,19.71617,19.37937,8658194821877268662,0.04607236
12.1846204364391,-0.76097750181513,54411.22267658,23.3408,24.03373,22.35583,21.83,21.31583,8658200933607342943,0.118984
12.1899997638063,-0.771763234916381,53700.25832294,23.13247,26.50949,21.78096,23.50704,24.39658,8658195646510793253,1.081365
12.2057940121896,-0.775674440171865,53671.34988267,21.2806,21.27597,19.77959,19.30491,18.91935,8658195135395922441,0.04048757
12.2025773408088,-0.761093596563732,54061.27686853,22.1053,22.60061,21.00451,20.63048,19.959,8658198597387092414,0.1106998
12.184680859128,-0.760926841263738,52931.254564,24.009,23.92737,22.55872,21.84561,20.73774,8658188289225065125,0.1593686
12.1854157098636,-0.778027904069154,52931.254564,22.87377,22.76324,22.21204,22.03126,24.16796,8658188289225065126,0.2391118
12.1950641323429,-0.764273931102075,54417.26530361,24.55911,22.01588,20.64073,19.93082,19.6328,8658201028077093249,0.0390875
12.1915285510088,-0.762412242881749,53669.26518442,23.9621,20.531,19.07504,18.45362,18.07527,8658195092456472720,0.009613969
12.2009457547846,-0.77328656328837,54402.35060977,24.82632,20.63383,19.39756,18.83057,18.46339,8658200783287615584,0.01780454
12.1897170179612,-0.764683816479983,53700.25832294,21.82227,25.92178,24.1717,23.37988,21.28669,8658195646510792878,0.598086
12.2058013564091,-0.775708860380348,52552.3447596,21.82709,21.12312,19.81134,19.38762,18.93239,8658466190789378358,0.03571197
12.2058019290881,-0.775693203975464,54422.2681472901,22.33792,21.32671,20.07883,19.64902,19.29094,8658201092527423695,0.04510545
12.1914810116288,-0.758406809036054,54407.26771017,22.92961,23.52711,27.01652,25.79335,19.22663,8658200882074026589,1.528677
12.1915201601853,-0.762431380116232,53700.25832294,22.73417,20.57593,19.17502,18.45648,18.12948,8658195646510792816,0.01112015
12.2025922067395,-0.761045487754391,54387.3572933,22.11633,22.31798,21.34331,20.74969,20.59576,8658200594310955262,0.1005075
12.200970086976,-0.773279606432469,53655.28089453,25.2607,20.77138,19.46297,18.86954,18.46229,8658194821877203063,0.01838987
12.2058077180237,-0.775670820872231,52931.254564,23.62832,21.47528,20.305,19.80695,19.54455,8658188289225064950,0.03936324
12.2058463286285,-0.775731560104123,53664.30609404,22.36601,21.56125,20.52815,20.2603,19.74244,8658194997966209168,0.1010605
12.1915310936165,-0.762400370863953,53685.2613568291,21.66592,20.4982,19.18424,18.4631,18.17644,8658195423170461777,0.01497931
12.1915369888307,-0.762401488026818,52931.254564,22.31859,20.54637,19.13724,18.43017,18.02896,8658188289225064542,0.009928037
12.2009625287154,-0.773288592633544,53685.2613568291,25.27112,20.94449,19.44948,18.88071,18.53639,8658195423170461778,0.02088697
12.1927687693193,-0.758676287134723,53697.25942276,25.3296,25.59645,25.3266,24.24278,20.80888,8658195603559023441,0.6089499
12.2009479865247,-0.773282979144152,52552.3447596,25.28044,20.81942,19.4774,18.91669,18.54881,8658466190789378199,0.01242849
12.206108013521,-0.7586259729687,52522.3488462,20.77149,26.61319,26.49026,25.61375,23.49777,8658466040448876755,1.266932
12.2009551314911,-0.773276721006484,53697.25942276,23.4093,20.82343,19.56281,18.94324,18.56207,8658195603559022725,0.0128927
12.1935953131215,-0.770026417860125,53705.24519446,22.36405,22.44154,21.45668,20.92994,20.27288,8658195728113074501,0.06804118
12.2064375340567,-0.781916018959085,52577.2404147,21.99395,24.90368,25.14695,24.35318,23.2566,8658185033639657729,0.6948707
12.1929709871556,-0.770301298870896,52931.254564,24.2592,23.01949,21.93672,22.63973,22.11188,8658188289225064923,0.3464409
12.1935698307779,-0.770054747954399,53622.35405081,21.98032,22.02736,20.88699,20.25715,19.66144,8658194259230916916,0.08053238
12.1935394309562,-0.770043327388726,53655.28089453,21.80992,21.48588,20.97558,20.45067,19.84148,8658194821877203265,0.09585865
12.2009703381463,-0.766975755220023,54387.3572933,23.43179,22.78411,21.60547,21.28131,21.53918,8658200594310955473,0.1390366
12.1936100112037,-0.769990182368512,52931.254564,22.45903,22.19559,21.57642,20.66998,20.26342,8658188289225064922,0.06672611
12.1935608403401,-0.769985256623999,54417.26530361,22.97959,22.34869,21.44369,20.86339,20.27678,8658201028077093243,0.06907524
12.2026170613552,-0.761049086324704,54413.26320611,22.65706,22.1055,21.17337,20.85958,20.25711,8658200972268863943,0.09401943
12.1935582478812,-0.769936384244097,54422.2681472901,22.08778,21.54859,20.74792,20.28629,19.62896,8658201092527423866,0.09569816
12.193545642932,-0.769969676020551,53638.34492638,23.36128,23.50145,22.19111,21.24381,20.63752,8658194495439241561,0.07623465
12.2009515026485,-0.773287171632593,53681.30236995,23.08015,20.99696,20.37796,19.21663,18.6589,8658195350154772595,0.01618552
12.1950579753499,-0.7642463318265,53655.28089453,24.02864,21.82949,20.66112,19.93358,19.4496,8658194821877203269,0.04889685
12.196575416459,-0.762966247751122,54407.26771017,24.36769,26.72337,22.91561,23.49326,20.20769,8658200882074026590,1.2109
12.1934979462131,-0.770015017534378,54035.3590313599,22.817,21.722,21.10448,20.39151,19.734,8658198206296162538,0.08572254
12.195114244268,-0.764319095531536,52931.254564,25.05028,22.18964,20.62178,19.98185,19.48681,8658188289225064927,0.04224824
12.2009348573402,-0.773310290037764,53700.25832294,23.13126,20.91224,19.50191,18.92407,18.59161,8658195646510792817,0.01484676
12.1978754122499,-0.757398165258332,54417.26530361,23.59885,25.36457,25.30265,22.51,23.00378,8658201028077093728,0.2333498
12.1932192765303,-0.778415825370105,53697.25942276,24.57985,23.73566,23.24648,21.80608,22.38543,8658195603559023350,0.1762341
12.19321383146,-0.77841306056897,54417.26530361,24.06814,23.19499,22.68653,21.7673,23.07278,8658201028077093864,0.2104065
12.2026312127832,-0.761020837852491,54411.22267658,23.13341,22.6395,21.44,20.91502,20.98161,8658200933607342626,0.06044029
12.1931255242995,-0.770207275378614,54407.26771017,22.59668,22.01069,21.05177,20.57034,20.06766,8658200882074026341,0.1009413
12.2005214482981,-0.762470597728279,53685.2613568291,25.6504,26.10384,25.89877,24.65931,20.12572,8658195423170462146,1.367039
12.1892442292171,-0.767160666182846,53685.2613568291,24.83256,22.01271,25.70107,22.99815,20.26134,8658195423170462145,0.7502991
12.2026332413965,-0.761036996227274,53705.24519446,24.85866,22.40563,21.49603,20.89352,20.4984,8658195728113074525,0.06834159
12.1929961485781,-0.770294343526004,53638.34492638,22.64934,21.789,21.2458,21.06931,21.17605,8658194495439241562,0.1363578
12.2037703717839,-0.770976786063384,53697.25942276,25.40774,24.53994,22.633,24.17574,23.29377,8658195603559023194,0.6040726
12.1929464735663,-0.775860054769703,54418.26328923,22.36126,27.21254,22.73492,20.53165,19.59715,8658201040988996452,0.1892146
12.1935082947644,-0.769958204520339,53685.2613568291,22.19729,22.04403,21.55262,20.55334,19.72817,8658195423170462091,0.1199093
12.1929189746012,-0.770206785639468,53705.24519446,23.40664,22.34188,22.30002,22.23648,22.09052,8658195728113074502,0.2093871
12.1929020945998,-0.770281092565128,52558.3530531,23.52558,22.58555,21.65258,22.0443,22.14235,8658184836068999559,0.2219734
12.1928942841045,-0.770333665438059,54417.26530361,23.65115,22.13108,21.82141,21.91346,21.75036,8658201028077093244,0.2364893
12.1950641278262,-0.76427131702752,53700.25832294,22.62505,22.30439,20.66443,20.06977,19.8782,8658195646510793049,0.04898227
12.1951416579855,-0.764211089404475,53685.2613568291,26.64527,23.22922,20.84205,20.23654,19.73368,8658195423170461967,0.08117925
12.2026456578157,-0.761052877116,54422.2681472901,22.48233,22.26022,21.62454,21.08134,23.00881,8658201092527423871,0.1085537
12.1915322068746,-0.762399176536597,53638.34492638,22.16706,20.50308,19.12887,18.45049,18.13469,8658194495439241280,0.009638251
12.191546046558,-0.76240996151744,54407.26771017,25.80065,20.44971,19.15611,18.42035,17.97998,8658200882074026338,0.0150357
12.2026559045284,-0.760953539545955,52931.254564,24.18618,22.59607,21.4281,20.96411,20.32917,8658188289225064941,0.07769342
12.2057539502227,-0.775621828612748,53638.34492638,23.91261,21.20085,19.82806,19.52447,19.1513,8658194495439241581,0.03943033
12.1915345778371,-0.76242641044584,54062.27072671,23.69435,20.56817,19.15251,18.43498,18.00484,8658198614331359354,0.01163749
12.200964804559,-0.773284037567514,54012.28377853,23.15599,20.52515,19.39213,18.82663,18.46358,8658197914252673105,0.01520415
12.2026563867357,-0.76106736901562,53622.35405081,22.98751,22.38416,21.17594,20.97077,20.7364,8658194259230917121,0.1252194
12.2009644525732,-0.767023838008566,54012.28377853,22.75011,22.04375,21.70654,21.29832,21.37866,8658197914252673409,0.1342238
12.1915468370276,-0.762408830231022,54012.28377853,25.20175,20.50325,19.13641,18.44686,18.00548,8658197914252673101,0.01153807
12.2026459837214,-0.761012539571986,52577.2404147,24.24533,22.33066,21.38529,20.79692,20.48929,8658185033639658025,0.08212075
12.1924252408985,-0.769435570743247,54012.28377853,24.90739,25.82354,25.9074,25.65393,19.63974,8658197914252673396,0.4818326
12.2009609358689,-0.773306056435433,51819.3878788,22.72677,20.68526,19.45369,18.85906,18.48547,8658177822391140461,0.01337906
12.2039995096982,-0.767178828512379,54413.26320611,24.75288,25.45972,23.93034,23.82936,20.36438,8658200972268864225,0.8196267
12.1984912847757,-0.778297083340572,51819.3878788,25.49334,24.13463,26.24288,24.95945,19.84437,8658177822391141117,0.9840294
12.2057453577934,-0.775677976890959,54012.28377853,22.17633,21.17933,20.07487,19.59269,19.05016,8658197914252673415,0.05227455
12.2026335120698,-0.76100825005969,54012.28377853,22.74183,22.71766,21.97348,21.29309,20.63926,8658197914252673410,0.1071
12.1930056264818,-0.778453178241027,52558.3530531,23.58258,23.47463,23.05366,21.28385,22.02352,8658184836068999974,0.1531416
12.2043847246046,-0.78302335158325,52931.254564,25.92618,25.9426,26.39094,25.85453,19.89521,8658188289225065297,0.5914651
12.2009758994938,-0.766952185606618,52558.3530531,22.69702,22.42323,21.52826,21.45941,20.83947,8658184836068999575,0.1387793
12.1915151488997,-0.762426327248577,54061.27686853,26.26168,20.52626,19.13473,18.45553,18.04772,8658198597387092050,0.01211743
12.2056691759068,-0.763958935721138,53664.30609404,24.30425,26.79531,25.93944,22.93652,19.221,8658194997966209508,1.037955
12.2010221227604,-0.766983408570483,53638.34492638,22.81461,22.75658,21.9359,21.58202,21.32576,8658194495439241575,0.09524173
12.1914348217189,-0.769640817343161,54422.2681472901,23.1146,23.71609,24.26674,24.69714,20.20864,8658201092527424100,0.9290429
12.2057115923817,-0.775724504033135,54061.27686853,25.99115,21.63049,20.12774,19.86153,19.14426,8658198597387092207,0.0521485
12.2057239534599,-0.775654485004441,54418.26328923,22.24322,21.35446,20.15421,19.6596,19.55223,8658201040988996150,0.03821519
12.2009534040742,-0.773296871264054,54062.27072671,23.12711,20.82674,19.48232,18.86827,18.53095,8658198614331359355,0.01578669
12.193141090595,-0.778482111975446,53671.34988267,23.78609,24.17887,22.50172,21.8843,22.58863,8658195135395922710,0.1554651
12.2026284794134,-0.760989251529825,53671.34988267,22.22296,22.19531,21.0208,20.70373,20.3376,8658195135395922434,0.08443029
12.2026268657288,-0.761029437743649,53638.34492638,22.70914,23.28412,21.57947,21.07433,20.51214,8658194495439241864,0.06894992
12.1977782298905,-0.779666222665349,54012.28377853,23.47268,30.89797,19.3871,21.09348,25.04013,8658197914252673818,4.442902
12.1855303327136,-0.778042283020413,53638.34492638,22.10729,23.91898,22.07454,22.51019,21.57825,8658194495439241831,0.3084288
12.2026181501015,-0.760994268127425,51819.3878788,21.98228,22.48105,21.12451,20.9162,20.24054,8658177822391140570,0.09668271
12.1995424621414,-0.779213566013363,54417.26530361,23.8106,25.38486,24.74405,25.16973,20.66722,8658201028077093816,0.4980955
12.1855815487959,-0.778089287716584,53697.25942276,21.98064,22.16386,21.56342,20.97464,21.35147,8658195603559023343,0.1810807
12.2010068455032,-0.766963698498584,53705.24519446,23.29586,22.91599,22.09515,21.70472,21.42949,8658195728113074524,0.1071761
12.2026119579725,-0.761018674267768,53681.30236995,24.64403,23.08421,22.47015,21.36354,20.78452,8658195350154772828,0.09491822
12.1847324825771,-0.760993235451519,52577.2404147,23.71869,24.25879,22.37091,21.63626,21.03898,8658185033639658203,0.153577
12.1935796750397,-0.770070545654227,54062.27072671,21.96006,21.52156,20.83744,20.17756,19.61027,8658198614331359491,0.08461984
12.1854434605292,-0.77804717142635,54411.22267658,25.59888,22.20765,21.76418,21.59175,22.08204,8658200933607342571,0.1849352
12.1854347887574,-0.777808622793235,53681.30236995,22.07715,22.201,25.34381,22.06359,23.643,8658195350154772797,0.322254
12.1847003339552,-0.761025851090407,52963.1747175,24.50541,23.77483,22.38359,21.61322,21.62156,8658188594152014668,0.1078727
12.1854269980558,-0.777962701052386,51819.3874643,22.64823,23.03287,21.86489,21.62309,21.63328,8658177822391075500,0.1825051
12.1935888992366,-0.770017986525896,54012.28377853,20.6386,21.78072,20.66742,20.30979,19.40071,8658197914252673395,0.101681
12.2057556779948,-0.775641704960938,54424.20414969,26.53292,21.24621,20.01839,19.71684,19.22686,8658201135446032577,0.05574248
12.2026005872803,-0.761005527602965,54402.35060977,22.31839,23.2733,21.26417,20.86412,20.12163,8658200783287615707,0.110908
12.205756428206,-0.775679114521297,54062.27072671,22.64849,20.83823,19.60929,19.30289,18.67565,8658198614331359512,0.05086371
12.20575700637,-0.775695330877251,53700.25832294,22.99073,21.38476,20.0779,19.63259,19.34594,8658195646510793066,0.0425249
12.1853852244898,-0.778018302344331,52558.3530531,22.15272,22.60222,21.88978,21.64332,23.90323,8658184836068999538,0.1766301
12.2010220572409,-0.766958979493114,52931.254564,22.89317,22.60294,22.05733,21.53622,22.18825,8658188289225064940,0.1134626
12.1936666146132,-0.7699783034078,54402.35019506,21.13924,21.89418,20.78415,20.36135,19.80462,8658200783287550290,0.1065629
12.2057572486495,-0.77566154190073,54357.3089067,22.37163,21.35076,20.06669,19.67114,19.44524,8658200156226126405,0.03452718
12.2010296541378,-0.766936492855986,53622.35405081,24.48529,22.59954,21.85851,21.7471,21.57143,8658194259230916927,0.1837823
12.2010305910936,-0.766977943633874,54411.22267658,23.33471,22.60538,21.97778,21.83241,21.33756,8658200933607342623,0.1245794
12.2009469368584,-0.773282343468648,53671.34988267,24.6129,20.79075,19.44303,18.87817,18.52166,8658195135395922097,0.01326607
12.2057600085253,-0.775689091706704,53681.30236995,25.09336,21.8241,21.20284,20.1543,19.65174,8658195350154772835,0.05890792
12.2025979661826,-0.761020885487783,54053.26958412,23.80134,22.84504,21.55812,21.12342,20.95441,8658198438239142465,0.08473715
12.2009322043926,-0.773292448868454,54061.27686853,23.18286,20.82305,19.46272,18.84212,18.49207,8658198597387092051,0.01665543
12.2010307808777,-0.76695116870381,54062.27072671,22.25048,22.34039,21.5936,21.28909,21.32892,8658198614331359503,0.1500597
12.1949812635443,-0.764404697335493,54059.26586335,26.03527,22.19496,20.05322,19.45909,19.15543,8658198545613062537,0.05131568
12.1846582782905,-0.760901557359665,52522.3488462,25.04611,25.00943,22.83061,21.64484,21.14372,8658466040448877293,0.1965371
12.1846526203849,-0.761050267975129,53697.25942276,23.97398,23.21565,23.20113,21.8555,21.08756,8658195603559023341,0.1562206
12.1846378411553,-0.761057224745675,54422.2681472901,23.99933,25.08259,22.91155,21.2672,20.76398,8658201092527424009,0.1452901
12.1951451460686,-0.764291857763973,54012.28377853,21.37578,21.94441,20.72228,19.94004,19.65513,8658197914252673397,0.0523902
12.2010346242475,-0.766979323878001,51819.3878788,23.15424,23.05201,21.77364,21.72366,21.42635,8658177822391140874,0.1429827
12.1950936141436,-0.764256401682385,54402.35019506,27.10714,21.90764,20.75533,20.15491,19.85177,8658200783287550291,0.06239565
12.1846048728591,-0.761010185110491,52552.3443449,23.61097,23.4482,22.51138,21.40504,21.02894,8658466190789313427,0.1282092
12.1846598178527,-0.760950428823502,54061.27686853,23.54061,25.85416,22.21613,21.49996,21.56669,8658198597387092522,0.1709439
12.1950944115407,-0.764285738153114,54062.27072671,22.87757,22.13587,20.85931,20.12834,19.47433,8658198614331359495,0.05047296
12.2057631749877,-0.775681614371569,52558.3530531,25.2918,21.52243,20.09568,19.58043,19.25322,8658184836068999585,0.03512077
12.2010487813583,-0.766984264569089,54422.2681472901,25.18548,22.21275,22.52822,21.45784,21.82938,8658201092527424019,0.1431858
12.2057637409576,-0.775740976598217,54035.3590313599,22.46783,21.21414,20.1113,19.58832,19.14102,8658198206296162555,0.04998851
12.2057659656726,-0.775685893129873,54411.22267658,22.66326,21.07105,19.84828,19.37363,18.84109,8658200933607342636,0.0343781
12.2010564130773,-0.766991665428628,54413.26320611,22.66533,22.44677,21.87957,21.37318,21.01199,8658200972268863941,0.1279378
12.1846548643572,-0.761064165503522,53638.34492638,25.41433,24.60275,22.82463,22.27554,21.67908,8658194495439242037,0.1728517
12.2057531854507,-0.775642757529017,54010.29104424,22.20911,21.10692,19.96171,19.51172,19.1922,8658197879891362107,0.03739239
12.205257691114,-0.768871756380495,53705.24519446,24.92304,25.15212,24.39367,24.11521,20.77432,8658195728113075079,0.6539647
12.2021886426837,-0.757482735494189,53638.34492638,23.39117,27.24247,21.5939,24.12326,21.42584,8658194495439241862,1.397193
12.2010374348488,-0.766908241752414,54061.27686853,21.63374,22.70512,22.43903,21.34392,21.14771,8658198597387092531,0.1488027
12.1845646754052,-0.76101126124287,52558.3530531,23.86172,24.54796,22.16934,21.56925,22.24317,8658184836068999829,0.1352008
12.2057636215066,-0.775661744749758,54402.35060977,27.36089,21.2417,20.24607,19.69756,19.3099,8658200783287615708,0.05834799
12.2010486390483,-0.767019525756976,54035.3590313599,24.9236,22.93005,21.42481,21.8016,20.89078,8658198206296162884,0.4092018
12.2010339379742,-0.766990813429,52577.2404147,22.46331,22.94402,21.73448,21.44639,20.8407,8658185033639658023,0.1166279
12.201026208092,-0.767002114012067,53671.34988267,22.38453,22.90702,22.00806,21.78309,20.96495,8658195135395922432,0.1423898
12.2057732448978,-0.775662226527693,52959.1949443,21.80496,21.08718,19.77885,19.30041,18.8763,8658188525432078892,0.03308457
12.1950990836898,-0.764309976412051,52935.2515118,24.1764,22.25086,20.59271,19.88041,19.384,8658188336472916432,0.04527583
12.1950933213973,-0.764236649784319,54037.26458266,22.83439,22.0121,20.46178,19.87233,19.36948,8658198236374172000,0.04499423
12.1853910523155,-0.778139420002055,54053.26958412,22.20323,22.60703,22.27357,21.9288,21.74345,8658198438239142444,0.2391236
12.1853914622772,-0.778009710801732,52577.2404147,24.92441,22.97483,22.67549,22.4725,21.71595,8658185033639657994,0.2405745
12.1855149438137,-0.778033149880205,52963.1747175,22.7643,22.78616,21.90782,22.12244,21.60672,8658188594152014340,0.2619825
12.1935898562826,-0.769992435523687,54037.26458266,22.40332,22.41524,21.69156,20.92993,20.5204,8658198236374171997,0.06057765
12.2026126738109,-0.761037999916222,54037.26458266,22.3375,22.43078,21.42497,20.97199,20.41719,8658198236374172015,0.07378794
12.1935510710346,-0.770012885280114,52935.2515118,22.01645,21.21361,20.54775,20.13524,19.17462,8658188336472916429,0.07743651
12.1855312112096,-0.778204775775877,54062.27072671,25.75846,22.43127,21.65481,21.77285,22.37053,8658198614331359775,0.3336754
12.1951329651337,-0.764244119799916,54035.3590313599,22.05887,22.24304,20.58915,20.04437,19.67018,8658198206296162540,0.05996135
12.2026214312399,-0.761046164352835,52935.2515118,22.71799,22.5419,21.51861,21.02835,20.45899,8658188336472916447,0.08305678
12.2026215630036,-0.761039319940221,53655.28089453,23.98156,22.72442,21.41471,20.94091,20.6618,8658194821877203407,0.08922296
12.2056948676119,-0.775711221741119,54059.26586335,24.14934,21.33182,19.90863,19.57799,19.08898,8658198545613062339,0.05248754
12.2009543600123,-0.766979186187552,52935.2515118,24.42848,22.91827,21.89603,21.89118,22.04976,8658188336472916446,0.1711072
12.1930058628251,-0.770279649203873,54037.26458266,25.09159,23.23625,22.06767,21.5831,21.87685,8658198236374171998,0.1338239
12.2026445612733,-0.761015664366933,52959.1949443,23.30418,22.53442,21.36103,20.90166,20.31636,8658188525432078885,0.0640524
12.2009608865219,-0.766966384005875,54037.26458266,24.22296,22.81441,21.90013,22.07498,22.8012,8658198236374172013,0.1739744
12.1862168248278,-0.761437421879237,51819.3874643,25.2174,25.89471,23.68614,24.28309,22.11408,8658177822391075671,1.020867
12.1915331326244,-0.762414380541521,52935.2515118,23.85935,20.5222,19.14515,18.46267,17.99277,8658188336472916091,0.01078614
12.1876088944195,-0.759214935302233,53705.24519446,25.9571,24.1165,24.94738,22.13533,22.75444,8658195728113075124,0.2693962
12.2009893657222,-0.766964390019116,52963.1747175,22.90536,22.40889,21.85861,21.80847,21.34393,8658188594152014386,0.1128509
12.2010067784333,-0.766931709466592,52959.1949443,23.76379,22.57273,21.82444,21.88904,21.3554,8658188525432078883,0.1267147
12.2009819232303,-0.76703633893503,54053.26958412,24.17792,23.10703,22.05493,21.9757,21.64195,8658198438239142638,0.1622344
12.2010187213446,-0.766863517620176,53655.28089453,22.71337,22.70946,21.97051,21.57853,21.14391,8658194821877203406,0.1450879
12.2057581462375,-0.775654566804186,54037.26458266,23.00185,21.14238,19.83318,19.40877,18.90142,8658198236374172024,0.03891087
12.19151447565,-0.762426328928899,53990.34299049,23.03391,20.51573,19.19336,18.41621,18.06299,8658197471842009185,0.01172264
12.1915229597833,-0.762417111592183,54035.3590313599,22.61996,20.58194,19.15054,18.45954,18.04002,8658198206296162378,0.01282071
12.1915231284541,-0.762406030021173,54010.29104424,23.44513,20.49448,19.14087,18.43262,18.03981,8658197879891361860,0.009629874
12.1935609422877,-0.769972066393651,53697.25942276,22.14472,21.51768,20.89176,20.31584,19.6063,8658195603559022946,0.06907765
12.2009741735882,-0.767001244563197,53990.34299049,22.24291,22.47926,21.64493,22.03841,20.80392,8658197471842009429,0.2841173
12.1962149935216,-0.75671905445983,52558.3530531,23.23453,25.18364,22.69909,23.18399,22.34155,8658184836068999836,0.3973425
12.1915271318949,-0.762398328848313,52558.3530531,24.42581,20.61362,19.16484,18.44358,18.01657,8658184836068999233,0.009791745
12.191527154975,-0.762377874949108,54402.35019506,21.01354,20.42635,19.12878,18.43037,17.99282,8658200783287550051,0.01276245
12.2057700421014,-0.775665539136896,52963.1747175,22.42293,21.51577,20.23409,19.8689,19.39342,8658188594152014398,0.03499916
12.2009150275537,-0.773293547520527,54379.34875676,23.12047,20.77206,19.44925,18.84354,18.44309,8658200452577689745,0.01477162
12.1915316742369,-0.762416775060577,53705.24519446,25.22087,20.51455,19.17127,18.46683,18.04536,8658195728113074242,0.009453093
12.1967640808637,-0.781052137413732,54037.26458266,25.61401,24.58449,25.19274,24.78503,20.31706,8658198236374172522,0.7720742
12.1936408802502,-0.779662411936608,54037.26458266,23.41012,25.81986,23.88898,24.3934,20.59412,8658198236374172520,0.6528145
12.205151362456,-0.781113092006547,54037.26458266,24.89894,25.03815,24.40471,25.32928,20.56573,8658198236374172524,0.4576607
12.1915505024216,-0.762399658778767,52577.2404147,23.5828,20.56986,19.15727,18.44443,18.11984,8658185033639657585,0.009946339
12.1915554278528,-0.762426780076033,51819.3878788,22.42388,20.50035,19.13771,18.42909,18.05067,8658177822391140400,0.01003823
12.2009603264424,-0.773270862571872,52577.2404147,24.00081,20.78174,19.44624,18.8754,18.54662,8658185033639657590,0.01302659
12.192905343785,-0.770234088802671,52963.1747175,22.91791,22.21176,21.58603,21.38153,21.08917,8658188594152014365,0.1356113
12.18545517056,-0.778047582132659,54037.26458266,23.39604,23.72358,22.70373,22.19555,22.24113,8658198236374172423,0.182545
12.1846100633698,-0.760983624263111,54037.26458266,26.4711,23.6569,23.16483,22.26241,21.05702,8658198236374172421,0.194516
12.202635561574,-0.761010949324735,53990.34299049,22.94128,22.07631,21.12836,20.9068,20.48975,8658197471842009430,0.1338122
12.195220588746,-0.774023941057433,53990.34299049,22.78084,25.42656,25.77819,24.08102,20.67282,8658197471842009710,1.009654
12.2026232838981,-0.76102156063317,52963.1747175,24.75105,22.59715,21.3772,20.9943,20.51877,8658188594152014388,0.06496709
12.1935142439325,-0.769990221943172,54061.27686853,23.0748,21.49192,20.80133,20.32739,19.70638,8658198597387092191,0.08349011
12.2009521673088,-0.767001604052003,53681.30236995,24.37999,22.97472,22.45777,22.14415,22.17215,8658195350154772825,0.1764595
12.1950919246693,-0.764240739715804,53638.34492638,22.92279,22.15555,20.57247,19.9381,19.45677,8658194495439241564,0.0379205
12.2057862308105,-0.775693511237878,52577.2404147,22.25572,21.4239,20.06612,19.5343,19.30637,8658185033639658032,0.03561056
12.2009506551898,-0.773292427668967,53705.24519446,24.16568,20.81676,19.49138,18.89691,18.52355,8658195728113074312,0.01207342
12.2026103964,-0.761031729749927,54062.27072671,23.8641,22.4312,21.41213,20.98539,20.38565,8658198614331359504,0.1050228
12.2026099688914,-0.761026126345647,54010.29104424,23.2984,21.94796,21.23781,20.85226,20.11684,8658197879891362095,0.0742634
12.1935772692812,-0.7699812401035,52963.1747175,22.6613,22.39103,21.48484,20.67487,20.01753,8658188594152014364,0.05203523
12.2009476921087,-0.773269140996151,52963.1747175,24.10719,20.80953,19.4912,18.88827,18.49954,8658188594152013916,0.01157388
12.1950692680609,-0.764306007420785,54061.27686853,22.67985,22.13754,20.34163,19.75515,19.31601,8658198597387092194,0.04945432
12.202531389249,-0.761149425775634,54059.26586335,22.62342,22.96628,21.41577,20.87582,20.99963,8658198545613062541,0.118135
12.1950802981681,-0.764276487191193,52558.3530531,24.39264,22.18099,20.6014,19.96727,19.32899,8658184836068999562,0.04201613
12.2009411053156,-0.773279043615079,52558.3530531,23.27044,20.81349,19.45781,18.88055,18.49635,8658184836068999237,0.01285956
12.195108640345,-0.764269832749489,52963.1747175,23.52436,22.11142,20.67221,20.10478,19.63617,8658188594152014371,0.03456533
12.2009372428451,-0.773283168852168,54010.29104424,25.60426,20.80291,19.45669,18.84863,18.57474,8658197879891361929,0.01221492
12.200935697579,-0.773299694791928,53990.34299049,24.58273,20.78464,19.49274,18.83437,18.52642,8658197471842009188,0.01617131
12.1846042885187,-0.761077974150674,54035.3590313599,26.26629,24.7956,22.83824,21.63053,20.75729,8658198206296162794,0.2045126
12.1848155354749,-0.764235472620877,54402.35019506,22.60224,21.48626,23.56652,24.65343,22.70031,8658200783287550132,1.143379
12.1852701737093,-0.76273962040576,53705.24519446,26.64271,25.06046,22.37671,24.44604,22.52236,8658195728113074792,0.7021188
12.1853755636496,-0.778050347662676,53671.34988267,22.79786,22.65441,22.30738,21.89228,21.25488,8658195135395922404,0.1994312
12.1853983405908,-0.777934516968826,54010.29062965,24.05158,23.79823,23.63154,23.62008,22.60029,8658197879891297240,0.5019385
12.2025823680829,-0.76110634639368,54035.3590313599,25.50961,22.10641,21.15474,20.79641,20.333,8658198206296162548,0.1116079
12.1897432232233,-0.75638954680482,53671.34988267,21.44189,24.71769,26.38657,25.0371,21.31521,8658195135395922164,0.7704902
12.2057988218886,-0.775694697906303,53990.34299049,21.79811,21.57176,19.96327,19.53281,18.97516,8658197471842009440,0.05160169
12.1856914801857,-0.77792558411975,54035.3590313599,22.48586,21.6821,21.4708,21.37701,25.21087,8658198206296162878,0.3875095
12.1875599315841,-0.767419477804709,53705.24519446,26.3815,24.52099,24.1774,23.87064,20.43041,8658195728113075076,0.6883001
12.191438269259,-0.762493273686759,54059.26586335,25.3552,20.53793,19.15341,18.38465,18.11384,8658198545613062231,0.01247349
12.2009467616779,-0.77327450291612,53638.34492638,23.67233,20.80448,19.43329,18.87247,18.53706,8658194495439241352,0.01226809
12.2009936598297,-0.766938367350659,54010.29104424,23.00814,22.67936,21.92493,21.97901,21.53572,8658197879891362094,0.148707
12.1915228406542,-0.762431202286456,54053.26958412,23.58197,20.64616,19.14509,18.43952,18.10252,8658198438239142083,0.009981899
12.1915234594964,-0.762422092884129,53681.30236995,24.89593,20.66017,20.06897,18.7904,18.20771,8658195350154772548,0.01219437
12.1915268113346,-0.762406905328505,53671.34988267,22.61063,20.58359,19.14442,18.4201,18.03684,8658195135395922048,0.01015744
12.2060470998696,-0.756928732610123,52558.3530531,25.95028,25.73636,24.85517,21.75465,21.65151,8658184836068999982,0.1756024
12.1915356691862,-0.762394606188384,52963.1747175,23.2022,20.6011,19.17501,18.44153,18.0398,8658188594152013909,0.009255805
12.1920492126188,-0.758722609873241,52963.1747175,24.10915,24.19249,23.9387,24.91884,19.14211,8658188594152014934,0.5395542
12.1928827176597,-0.770305192533478,54010.29104424,24.77774,22.4573,22.62534,23.19526,22.06984,8658197879891362081,0.4211468
12.192970547175,-0.770302980986274,52577.2404147,24.00763,23.43205,22.2661,22.31132,22.34791,8658185033639658010,0.211119
12.1930200522055,-0.775816050071486,52963.1747175,27.25215,23.67666,24.00688,21.10374,20.21176,8658188594152014985,0.2429055
12.193579696563,-0.76996957603578,52558.3530531,22.33616,22.25725,21.63071,20.64045,20.02943,8658184836068999558,0.05817427
12.2009527083293,-0.77329954412825,54035.3590313599,24.68267,20.68758,19.43713,18.87378,18.50514,8658198206296162380,0.01816333
12.1935445444757,-0.770007337054538,54053.26958412,22.14295,21.81113,20.93289,20.36517,19.73533,8658198438239142454,0.07057128
12.193563046179,-0.770008284357602,51819.3878788,22.06493,21.5989,21.01773,20.28152,19.8156,8658177822391140555,0.06564704
12.1935744124066,-0.769958876398948,53681.30236995,22.38444,21.76381,22.16243,20.50538,19.78022,8658195350154772812,0.08501481
12.1935857414069,-0.76998610366347,54010.29104424,22.21269,22.02301,21.1007,20.52347,19.69584,8658197879891362080,0.06013182
12.1936116256915,-0.769991381057822,52577.2404147,22.8166,22.01154,21.17494,20.44365,20.03072,8658185033639658009,0.06336409
12.2026219903754,-0.76102189814808,52558.3530531,23.22851,22.4853,21.54119,21.05514,20.64987,8658184836068999578,0.07893482
12.1968956344901,-0.761874319505238,53990.34299049,26.42041,25.57375,22.14016,25.42534,23.66879,8658197471842009428,0.6866297
12.1950821930201,-0.764284072467591,54053.26958412,22.68323,22.06927,20.44388,19.66722,19.25096,8658198438239142456,0.03823683
12.1950824220541,-0.7642721750136,54010.29104424,24.71187,22.14855,20.57477,19.88006,19.53079,8658197879891362082,0.03614778
12.1966397565523,-0.77641557532838,53681.30236995,25.20894,24.47146,24.11445,22.99312,19.77188,8658195350154773143,0.7735564
12.2009393693845,-0.773307861918664,54053.26958412,22.95317,20.91651,19.47117,18.87563,18.56996,8658198438239142085,0.01308755
12.1951253726421,-0.764239699724392,52577.2404147,25.88869,22.14553,20.6368,19.87917,19.34226,8658185033639658014,0.04083773
12.1951294977895,-0.764275228151355,51819.3878788,22.06394,21.92154,20.04458,19.45398,18.91802,8658177822391140557,0.04301331
12.195131385001,-0.759895877288829,52963.1747175,25.54875,24.47541,23.34452,23.74911,20.25665,8658188594152014936,0.4954489
12.1845699979133,-0.761035304412327,54059.26586335,24.92212,23.59554,22.21891,21.1453,24.69813,8658198545613062660,0.1845751
12.1846292652283,-0.761007903052086,54010.29062965,23.84902,24.73,22.131,21.30136,22.26536,8658197879891297169,0.1476682
12.1847101386114,-0.760987153596071,53705.24519446,23.40322,23.0573,23.14488,21.63985,20.82931,8658195728113074968,0.1334767
12.2008548581055,-0.773352343734712,54059.26586335,22.94693,20.82432,19.43789,18.79004,18.57877,8658198545613062234,0.01718598
12.1854264338519,-0.778061741462583,53705.24519446,22.35724,22.33377,21.74873,21.41176,21.65367,8658195728113074486,0.1435848
12.1855980497012,-0.77800793618851,54059.26586335,24.48342,23.16739,21.5168,21.61894,21.28814,8658198545613062742,0.2960076
12.1901389365087,-0.760857426563747,54010.29104424,24.16389,25.70237,24.83386,24.59854,20.65466,8658197879891362682,0.6682383
12.1909586844523,-0.774709486073473,53681.30236995,23.86401,24.22708,25.40646,22.20749,22.15285,8658195350154773055,0.1859348
12.1931260283727,-0.778580036460191,53681.30236995,25.10174,24.49482,25.14167,21.72207,21.39245,8658195350154773056,0.1666655
12.1985453292251,-0.767066975037624,54012.28377853,24.67237,21.99624,25.03139,23.48678,22.16493,8658197914252673219,0.6497346
12.193579557921,-0.770001849470861,53990.34299049,22.86471,21.44596,20.9322,20.10927,19.48447,8658197471842009422,0.08878767
12.1950328610107,-0.764247892243017,53681.30236995,22.49157,23.1777,22.00014,20.79533,20.22012,8658195350154772952,0.05454876
12.1951003106173,-0.764290501861696,53990.34299049,22.40031,21.99171,20.45226,19.90077,19.69219,8658197471842009424,0.05854321
12.1930043518156,-0.77028361937983,53671.34988267,23.39402,22.46996,22.16756,21.52688,22.0509,8658195135395922415,0.1395073
12.1933776190159,-0.770155871480229,54059.26586335,26.73163,21.19266,20.58166,20.06951,20.00132,8658198545613062319,0.0897343
12.1935834610379,-0.769992895405425,53671.34988267,24.47437,22.55961,21.71517,21.21103,20.12445,8658195135395922414,0.08473446
12.1950884489675,-0.764294283499398,53671.34988267,21.91606,21.97999,20.1008,19.49336,19.01825,8658195135395922421,0.04241085
12.2009641703981,-0.773267011000372,53996.33678773,25.26036,20.61891,19.39698,18.86603,18.43195,8658197630777229417,0.0130756
12.1915388247837,-0.762421674931018,53674.24964098,23.2953,20.52824,19.15491,18.42626,17.97024,8658476657627103309,0.00980095
12.1915343383901,-0.762457331760842,53998.30527396,21.78516,20.439,19.17409,18.48664,18.15834,8658197673735094407,0.0123075
12.1915383168103,-0.76240145076281,52959.1949443,23.41968,20.54859,19.16192,18.42849,18.0009,8658188525432078424,0.009516061
12.2009653176915,-0.766950382082013,54362.35862503,23.5746,22.99522,22.05751,21.71198,21.54736,8658200246410478052,0.1431779
12.1915340292772,-0.762395951065917,53996.33678773,23.43398,20.38606,19.06478,18.44026,17.96006,8658197630777229368,0.009918762
12.1915331613627,-0.762410022188669,54037.26458266,23.31645,20.5244,19.16464,18.43508,18.01772,8658198236374171713,0.009983934
12.1915376699504,-0.762390631794183,53679.3108976,23.17551,20.58916,19.15812,18.4208,18.09588,8658195281428676707,0.01068856
12.205743008965,-0.775608438445871,54049.30562032,26.98015,21.69857,20.0771,19.56115,19.44143,8658198360908366079,0.05780969
12.1915395242601,-0.762405185375195,51081.3166816,22.68612,20.5436,19.14836,18.47708,18.02077,8658170821574656123,0.01171815
12.202654061261,-0.760990728664705,54020.28985248,24.69035,22.36389,21.5233,20.95099,20.27493,8658197974382936409,0.1094571
12.1915451503644,-0.762411806157897,54020.28985248,23.16117,20.47899,19.216,18.41309,18.01085,8658197974382936143,0.01146625
12.2029448981247,-0.780326908530873,51081.3166816,25.34137,25.60686,26.25451,21.74728,21.56849,8658170821574656634,0.1825627
12.2026501780797,-0.761042772988243,54394.33990363,22.94249,22.29619,21.51539,21.01591,20.92085,8658200710275334519,0.1056156
12.1915308694583,-0.76242828674746,54068.25136334,24.22381,20.56526,19.1004,18.40555,18.05974,8658198708793901137,0.01443633
12.1915257788223,-0.762416432925156,54382.33890973,22.05804,20.60628,19.16582,18.43467,18.02467,8658200512681476161,0.01390062
12.2026410224117,-0.76100953372101,54362.35862503,26.80993,22.53568,21.71531,21.03049,20.41829,8658200246410478054,0.07960296
12.2026384015669,-0.760993908691785,53994.35298327,25.07027,22.19207,21.35436,20.71642,20.46865,8658197579219206644,0.08074284
12.1854388720994,-0.778101845643454,53996.33678773,21.80804,22.77929,21.75871,21.5927,20.65188,8658197630777229940,0.1657216
12.1929126635052,-0.770246068237392,53994.35298327,24.33706,22.14028,21.8575,21.68336,21.42021,8658197579219206378,0.2053923
12.1981332519058,-0.772475773582103,53676.3390687,26.57976,23.08807,24.75504,21.99149,21.56264,8658195225595479001,0.2709074
12.2026362288947,-0.760994238615531,53352.1457481,23.19991,22.22223,21.05305,20.76582,20.24841,8658191982880752097,0.08672136
12.1853986079464,-0.778067452725174,54362.35862503,23.14989,22.67148,22.44382,22.2294,21.82348,8658200246410478018,0.2671255
12.1929451627299,-0.775905882660763,54379.34875676,23.37586,23.62987,22.49729,21.47187,20.75473,8658200452577690338,0.1714542
12.2057433447238,-0.775647586163403,53994.35298327,24.80344,21.13445,19.75623,19.38662,19.01371,8658197579219206655,0.03991211
12.1915254819602,-0.762398268982317,54049.30562032,21.99746,20.5732,19.15566,18.47905,18.10706,8658198360908365895,0.0137037
12.2043750566073,-0.77831032745243,54362.35862503,24.46435,25.23339,24.36345,24.04528,20.56153,8658200246410478384,0.8217898
12.2009913048745,-0.76690389898343,54024.37110238,24.06358,22.85625,21.82196,21.60625,21.19004,8658198021601231351,0.1717622
12.1930220337995,-0.775772230708338,54028.35965822,24.31705,23.71198,21.9927,22.08378,20.75297,8658198077428728354,0.2876525
12.2057262221466,-0.775658259049559,54020.28985248,25.03232,20.75537,19.67181,19.16097,18.87193,8658197974382936237,0.04967219
12.2026321141781,-0.760943872418201,53679.3108976,24.07692,22.90949,21.23183,20.87309,20.47988,8658195281428677161,0.09653126
12.1853602590137,-0.778005779614685,54379.34875676,22.69997,22.82446,22.17924,21.52748,21.74587,8658200452577690334,0.1834477
12.1853390037025,-0.778033448838002,52910.3242692,22.70999,22.85126,22.60049,21.94821,21.74395,8658188087345480612,0.1896073
12.1931754968872,-0.778485595935353,53679.3108976,24.77017,23.67891,22.82234,21.8091,23.63763,8658195281428677264,0.1812458
12.1853036374776,-0.777980626627759,53998.30527396,22.4685,22.24922,21.78646,21.64758,22.20343,8658197673735094840,0.2189166
12.1852983742051,-0.778013111951194,53994.35298327,25.09876,22.77206,22.61866,22.03059,21.70809,8658197579219206594,0.2144382
12.2009989885014,-0.766961283476704,53640.30890624,22.88338,22.94493,21.72623,21.57951,21.75924,8658194534113214845,0.1283976
12.202627788522,-0.761027778382423,54030.28329798,25.03336,22.42596,21.46999,21.10633,20.79126,8658198111820317141,0.07983124
12.2057401752776,-0.775664615995273,54024.37110238,22.47848,21.36903,20.22375,19.84629,19.31923,8658198021601231208,0.0512006
12.2026234642133,-0.760979400514861,54068.25136334,26.59656,21.50604,21.07899,20.18893,20.10819,8658198708793901402,0.1110606
12.193474032493,-0.770001090147329,54068.25136334,26.22127,22.59585,20.33362,19.72272,19.32815,8658198708793901267,0.08340495
12.2009528495562,-0.773272406967973,53679.3108976,25.95262,20.83155,19.44872,18.87669,18.55975,8658195281428676708,0.01470471
12.1869987851862,-0.75787604916023,53674.24964098,23.61687,26.78111,25.77318,26.0078,20.11941,8658476657627104132,0.5301586
12.2010048307704,-0.76702594693853,53998.30527396,23.23897,22.19356,22.02974,21.7107,21.72556,8658197673735094872,0.1598559
12.1852809563053,-0.77805826673392,53975.32998955,23.39947,23.10835,22.17427,21.71201,21.97497,8658197287184630463,0.1679153
12.1855362614218,-0.778017513734237,53674.24964098,23.14591,22.95508,22.33961,22.32421,21.70248,8658476657627103539,0.2537477
12.1915184336762,-0.762386607504249,54362.35862503,23.01502,20.55758,19.14834,18.41656,18.02523,8658200246410477659,0.01042519
12.2026166782191,-0.761043048323127,54056.27160594,22.16095,22.20594,21.39302,21.0419,20.68464,8658198494073127133,0.09872086
12.2010269975136,-0.766995025805371,54030.28329798,23.88881,23.05372,21.9744,21.75798,21.20157,8658198111820317139,0.1258342
12.2026165158982,-0.761029173542335,51081.3166816,25.37757,22.17996,21.29968,20.82848,20.54267,8658170821574656272,0.09664431
12.2057495573026,-0.775689410478504,53975.32998955,24.61685,21.34852,19.96302,19.51724,18.99366,8658197287184630281,0.03701732
12.1935736155412,-0.769988535045466,54385.35688376,21.20718,21.48528,20.73184,20.04184,19.49395,8658200568541348111,0.05269524
12.1935749239171,-0.770009681451498,53994.35298327,22.04868,22.44618,21.57689,20.81726,20.10209,8658197579219206377,0.06695728
12.2026098265375,-0.761036466060195,54385.35688376,25.1741,22.84171,21.44513,21.04904,20.77629,8658200568541348284,0.06734769
12.1935779790856,-0.769961615401934,54362.35862503,22.2265,21.46724,20.66175,20.16043,20.33332,8658200246410478036,0.07394294
12.1854898028593,-0.778034467415236,53679.3108976,22.62197,22.53395,22.48306,22.10021,21.55068,8658195281428676915,0.2640984
12.2026073992419,-0.761013947986266,54049.30562032,22.60366,21.82468,21.23331,20.4454,20.55292,8658198360908366075,0.1090043
12.1854336781232,-0.778038518797269,53640.30890624,22.80054,22.16099,22.77337,21.99685,21.35142,8658194534113214813,0.3091654
12.1935821103208,-0.770005608939576,53975.32998955,21.94085,21.06767,20.40277,19.82486,19.15773,8658197287184630245,0.0660182
12.2057543280171,-0.77566790971458,54385.35688376,25.39352,21.4311,20.22783,19.75411,19.24814,8658200568541348292,0.03900569
12.1846974196822,-0.761007115167325,53975.32998955,23.18126,24.29544,22.49505,21.82506,21.20088,8658197287184630462,0.1492598
12.185397104405,-0.778025294729313,52959.1949443,23.27968,22.79071,22.08269,22.60314,22.3993,8658188525432078837,0.3253842
12.2010221694697,-0.767019357216911,53674.24964098,22.43429,22.4583,21.74935,21.91546,21.08614,8658476657627103576,0.186076
12.2025991205229,-0.761000229938621,53996.33678773,22.76326,22.35678,21.65163,21.11765,20.28143,8658197630777229702,0.08418707
12.1847259460134,-0.761080644480081,53994.35298327,23.13046,25.20705,23.0007,22.17946,20.76926,8658197579219206967,0.1943335
12.2057616718014,-0.775700148017323,54379.34917146,22.47305,21.48056,19.99669,19.76844,19.29047,8658200452577755340,0.04861634
12.1846630516086,-0.760969864601446,53674.24964098,24.74924,25.48295,22.8683,21.01211,22.42851,8658476657627103989,0.1347858
12.2009328696862,-0.773273604013182,54049.30562032,22.30865,20.58256,19.42089,18.86038,18.50138,8658198360908365915,0.01860975
12.1949951430387,-0.764327841452364,54068.25136334,26.81654,25.51063,20.57549,19.82249,19.42183,8658198708793901268,0.06783159
12.2057501741726,-0.775646560320997,53676.3390687,23.07973,21.18401,19.94743,19.41398,18.91641,8658195225595478416,0.03321195
12.2009452987316,-0.767003810026067,54056.27160594,24.77372,22.46437,21.92057,21.53785,21.32456,8658198494073127131,0.1389684
12.195075827699,-0.764259704703273,53994.35298327,24.36949,22.17134,20.67691,19.96301,19.73001,8658197579219206628,0.03916362
12.2009444064893,-0.773328226790768,53998.30527396,23.85769,20.49754,19.48199,18.86415,18.79504,8658197673735094410,0.01466405
12.200983849675,-0.766942569193362,53676.3390687,22.83568,22.68162,22.02354,21.64607,21.28889,8658195225595478408,0.09606613
12.2009443097894,-0.773279701388672,51081.3166816,26.51852,20.83443,19.43233,18.87206,18.52754,8658170821574656124,0.01554649
12.1846231473494,-0.761075253603063,54382.33890973,26.48184,24.01557,22.64824,21.51858,21.14185,8658200512681476581,0.1956933
12.2025649083583,-0.761083404326768,54391.35824261,22.96861,22.54454,21.28582,20.72222,19.95115,8658200667293352203,0.153143
12.1846055355222,-0.761073138111368,54394.33990363,22.46057,23.08378,21.58392,21.20485,20.58383,8658200710275334691,0.2182264
12.2010465429365,-0.766993599814007,53975.32998955,23.74366,22.52505,21.72997,21.48341,21.06994,8658197287184630269,0.1270297
12.205763012178,-0.775713464657395,54382.33890973,23.21092,21.36487,19.86804,19.47953,19.12,8658200512681476346,0.0526684
12.1950648461791,-0.764386540857623,53694.2753626,22.73376,21.58162,20.6633,19.85637,19.40169,8658195547724644548,0.07461061
12.200951651613,-0.773287151690679,52935.2515118,22.61273,20.78206,19.46912,18.88665,18.52152,8658188336472916095,0.01384309
12.2057238079787,-0.775672242770966,54040.27893003,21.56067,21.59461,20.29768,19.78804,19.53097,8658198279323844935,0.06022104
12.2009417190718,-0.773283421535956,53994.35298327,23.28856,20.71546,19.46551,18.86482,18.45856,8658197579219206232,0.01297633
12.1854377166395,-0.778196517363901,52935.2515118,22.3072,23.06716,22.94417,22.74412,21.11919,8658188336472916414,0.3511411
12.2057617091261,-0.775647186692178,54362.35862503,21.9979,21.29956,19.94831,19.45449,19.00397,8658200246410478062,0.03929474
12.184700254024,-0.761083196100596,52959.1949443,23.05246,23.90831,22.11326,21.20228,20.46594,8658188525432079137,0.1068268
12.2017601360162,-0.757320784551504,54357.3089067,24.99277,23.52551,23.0126,23.35843,21.97311,8658200156226126670,0.374972
12.2057627556781,-0.775649434986966,53996.33678773,21.84794,21.10585,19.91852,19.5752,19.0153,8658197630777229712,0.03840666
12.1845735494535,-0.761044663838889,54362.35862503,24.902,23.63589,22.70709,21.46699,20.36971,8658200246410478322,0.1365895
12.1840342777071,-0.766162880638361,54362.35862503,24.53284,24.40685,25.03889,24.06087,22.28809,8658200246410478411,0.7988548
12.2011807412859,-0.756958804420962,54020.28985248,22.7972,20.26679,21.06618,21.83751,25.90798,8658197974382936746,1.797282
12.2009360907149,-0.773271833091303,54362.35862503,24.40474,20.73835,19.46042,18.83961,18.47845,8658200246410477710,0.01415512
12.201072612711,-0.766974981260571,53679.3108976,25.78697,22.93563,21.54641,21.21956,20.73229,8658195281428676939,0.1348211
12.1845236164585,-0.761028647601501,54379.34875676,23.24765,23.89659,22.1377,21.6847,21.52412,8658200452577690247,0.1687502
12.1846095893651,-0.761228990089856,52935.2515118,23.68236,26.05627,23.11276,21.37129,21.67851,8658188336472916713,0.1637451
12.2057642144098,-0.775671725695642,52935.2515118,21.62892,21.30047,20.068,19.53854,19.03192,8658188336472916454,0.04077397
12.2010643529229,-0.766993573644684,51081.3166816,24.08893,22.78683,21.70974,22.00001,21.83839,8658170821574656491,0.3099412
12.1833751142942,-0.772371765664569,52959.1949443,24.61036,24.81908,23.02505,24.6848,23.83088,8658188525432079134,0.4929852
12.1846021567193,-0.76102898226625,53352.1457481,25.21742,24.23249,22.83385,22.393,21.45203,8658191982880752334,0.2306194
12.1846061899254,-0.761051013046028,53679.3108976,25.40076,23.40218,21.9435,21.58242,20.62343,8658195281428677152,0.195069
12.1846233040961,-0.761028543199233,54020.28985248,24.71618,25.30431,23.03135,21.86765,22.52301,8658197974382936582,0.2016576
12.2010646569099,-0.766938079262099,53996.33678773,25.12638,22.43822,22.10825,21.38113,21.23231,8658197630777229479,0.1100679
12.1846763771423,-0.761072649863036,54056.27119135,25.82149,24.17312,22.94222,21.67494,21.10546,8658198494073062006,0.1555263
12.1829817852345,-0.764098164540857,52935.2515118,23.75797,24.91191,22.33264,24.15411,23.00621,8658188336472916616,0.7598696
12.1846945560527,-0.77204102466918,53676.3390687,23.65146,25.56008,24.9388,23.35912,20.24587,8658195225595478956,0.4872025
12.2025706541793,-0.761101563150129,53694.2753626,21.53173,23.14384,21.22369,20.64646,21.02686,8658195547724644668,0.1506791
12.1951354024017,-0.764306882903476,53674.24964098,23.18337,21.99591,20.50668,19.81891,19.36371,8658476657627103564,0.03567618
12.1950332605416,-0.764271481171772,54040.27893003,24.05648,22.32857,20.63237,20.13048,19.52525,8658198279323844926,0.07274917
12.2009481551223,-0.773285221702048,54040.27893003,23.37167,20.80632,19.41741,18.88772,18.51167,8658198279323844696,0.01858592
12.201016705578,-0.766963126973296,54020.28985248,25.34505,22.64026,21.63876,21.60992,21.09453,8658197974382936408,0.1815657
12.2010118795385,-0.766969946139646,54385.35688376,22.54513,22.65238,22.12485,22.04269,21.38596,8658200568541348281,0.1252786
12.2010107705974,-0.766995340846866,54357.3089067,23.91971,22.62076,21.65187,21.52774,21.02036,8658200156226126394,0.1152419
12.1935404796995,-0.769977447575065,54040.27893003,21.59424,20.329,20.04803,19.65567,19.29428,8658198279323844925,0.1091442
12.2026209243344,-0.761047190873776,54040.27893003,23.2512,22.81352,21.59882,21.14265,21.16183,8658198279323844931,0.1380181
12.1932920046879,-0.770135859140418,53694.2753626,21.72439,21.80879,21.05408,20.66675,19.73624,8658195547724644545,0.1375678
12.1915405759713,-0.762440397971954,53694.2753626,21.6676,20.4279,19.08565,18.35637,17.89861,8658195547724644399,0.01686774
12.191527981212,-0.762411686085416,54040.27893003,26.245,20.44551,19.08629,18.39044,18.04693,8658198279323844693,0.01287657
12.1870081471875,-0.781452375597367,53640.30890624,25.28013,25.16528,25.16649,24.70288,23.10843,8658194534113215322,0.7012676
12.2057666664656,-0.775676230723337,53674.24964098,22.83348,21.35631,19.99225,19.58831,19.08868,8658476657627103586,0.03849138
12.200971359756,-0.766919727875876,54040.27893003,22.86742,22.62226,21.81091,21.19873,21.05841,8658198279323845066,0.1546465
12.2057685384787,-0.775672576274192,53679.3108976,25.1638,21.60916,20.09385,19.76573,19.33591,8658195281428676946,0.04768747
12.1914526842823,-0.780841288525551,53679.3108976,23.28429,25.42996,24.43099,25.65506,20.02587,8658195281428677345,0.682437
12.1951268043672,-0.760025845805311,52959.1949443,24.33957,23.53949,23.16175,22.55396,22.31414,8658188525432079336,0.1958889
12.1854703991198,-0.774979975492026,52910.3242692,23.95845,25.84915,23.15313,24.16928,23.67623,8658188087345480482,0.5932496
12.1951218554436,-0.764262412203008,53996.33678773,22.35753,21.82264,20.28543,19.7812,19.39335,8658197630777229690,0.04336415
12.1846581547998,-0.760814540385813,52910.3242692,25.077,23.86887,22.09699,21.57262,21.19001,8658188087345480481,0.1640468
12.2009734579447,-0.773296069152639,53694.2753626,27.92439,20.64751,19.48208,18.88614,18.32112,8658195547724644456,0.02489084
12.2009764981174,-0.76695450856536,54028.35965822,22.93238,22.50136,21.93129,21.96312,21.40435,8658198077428728126,0.2710919
12.1951029375865,-0.764252524633566,54008.29623531,25.58705,22.25379,20.75563,19.9906,19.66034,8658197845531296250,0.03447981
12.1935281718389,-0.769944397268644,54008.29623531,22.72806,21.82276,21.13362,20.43172,19.66735,8658197845531296242,0.06108729
12.192927128676,-0.770283553941473,54008.29623531,24.70591,22.60137,22.21431,21.61149,21.80114,8658197845531296243,0.1232954
12.1915467141788,-0.762400198633787,54008.29623531,24.11036,20.55828,19.16441,18.43688,18.05461,8658197845531295840,0.009458257
12.2009704949271,-0.773276623214032,54008.29623531,23.5682,20.75834,19.44578,18.87738,18.50773,8658197845531295847,0.01222984
12.1858009028529,-0.771807327993492,54008.29623531,22.07775,26.04303,24.89894,24.36725,23.32326,8658197845531295983,0.6126652
12.1915282396002,-0.762398503292177,54385.35688376,22.6126,20.53435,19.14178,18.4417,18.04058,8658200568541347925,0.00939974
12.1915297272097,-0.762404888644006,54394.33990363,23.47642,20.56821,19.14157,18.47157,18.03577,8658200710275334258,0.01232419
12.184719830534,-0.760982835398093,54008.29623531,26.04264,23.44818,22.70874,22.01921,22.24047,8658197845531296445,0.1473335
12.191531650392,-0.762402868163381,52910.3242692,23.10765,20.53994,19.09443,18.41499,18.0054,8658188087345479827,0.009524806
12.2012429907399,-0.766987787617579,54391.35824261,22.56855,23.41187,21.67566,21.59214,21.89319,8658200667293352383,0.3052332
12.2026736726949,-0.761053236020881,54008.29623531,22.96946,22.38175,21.26248,20.9155,20.39714,8658197845531296265,0.07552806
12.2057728180603,-0.775727708220788,53998.30527396,22.46533,21.04031,19.96544,19.53997,19.75589,8658197673735094563,0.04231661
12.1981631438691,-0.758995575062665,54394.33990363,23.08592,23.44176,23.31638,21.66519,21.73885,8658200710275334514,0.1954281
12.2009627821284,-0.767044867740332,54379.34875676,24.59541,22.57013,22.02596,21.78793,21.26394,8658200452577690142,0.1872029
12.1951004501368,-0.764266766714977,52959.1949443,24.32164,22.11251,20.53753,19.83925,19.39809,8658188525432078863,0.03431325
12.2057541342961,-0.775660568768362,54008.29623531,22.03764,21.31598,20.07821,19.6029,19.21928,8658197845531296271,0.03647942
12.2010202191558,-0.76693734279234,54008.29623531,25.3953,22.74932,21.93309,21.85812,21.26146,8658197845531296262,0.126634
12.1909020335999,-0.75986505307411,52910.3242692,22.29312,25.3064,24.46918,24.5115,22.45954,8658188087345479966,0.5952722
12.2057742374247,-0.775713582564506,54028.35965822,23.26697,21.69367,19.95156,19.60891,19.23639,8658198077428728135,0.05018191
12.1855465739981,-0.778052627021028,54008.29623531,23.75116,22.64818,22.04754,21.80305,21.16299,8658197845531296220,0.1656551
12.2009588794237,-0.773283436232823,54020.28985248,22.45553,20.7405,19.44655,18.83741,18.49754,8658197974382936163,0.01582427
12.1929253931831,-0.770308224501201,52910.3242692,23.18761,22.46096,22.13347,21.83169,21.50425,8658188087345480282,0.1431479
12.1961901742832,-0.756407221177703,54030.28329798,24.91152,23.84495,22.28366,22.90089,22.86373,8658198111820317418,0.4650714
12.2009550962739,-0.773292381100109,53975.32998955,22.97779,20.75913,19.44904,18.85444,18.4514,8658197287184629846,0.01294094
12.1961731178589,-0.781834612254464,54056.27160594,26.78104,25.71051,23.12764,22.95757,17.97926,8658198494073127631,1.648233
12.2009546224682,-0.773303531600491,54030.28329798,22.9922,20.80048,19.42315,18.87445,18.50794,8658198111820316759,0.01224177
12.2009438540998,-0.773294688372559,54382.33890973,22.28937,20.92095,19.44153,18.88602,18.57271,8658200512681476339,0.01936336
12.1931017527452,-0.778418811867158,54020.28985248,25.85841,23.32292,24.39868,21.45115,22.93343,8658197974382936591,0.1788654
12.2025284148996,-0.761022730057616,54382.33890973,23.14054,22.95672,21.29437,20.97087,20.57097,8658200512681476473,0.144916
12.1980930361484,-0.772647055950993,54030.28329798,23.77345,26.29727,23.15618,21.52088,21.29247,8658198111820317691,0.2771302
12.2057755093068,-0.775665546735355,53640.30890624,21.3423,20.95827,19.7914,19.38186,18.79938,8658194534113214853,0.04265835
12.2057798433207,-0.775653212447967,53352.1457481,22.53498,21.6716,20.36483,19.91196,19.4955,8658191982880752108,0.03964974
12.1950931834422,-0.764279405468764,53640.30890624,23.36547,22.16432,20.55439,19.95133,19.719,8658194534113214833,0.04262744
12.2026245489307,-0.761010895320021,54357.3089067,24.02572,22.39707,21.45139,20.92024,20.85983,8658200156226126397,0.06659418
12.1934716188357,-0.759911573273644,54385.35688376,24.95224,23.03469,25.19551,24.00862,23.77313,8658200568541348256,0.6565574
12.1934733109914,-0.770070249784814,54049.30562032,21.61814,21.97395,20.91575,20.37961,19.84518,8658198360908366069,0.09172064
12.1935263423121,-0.770013280566864,54028.35965822,25.06229,21.52013,20.73634,20.34127,19.92797,8658198077428728112,0.09612121
12.1935275973395,-0.769973536977138,54020.28985248,21.60993,21.85554,20.70106,20.06932,19.9079,8658197974382936400,0.07904131
12.1951846528988,-0.767034826925121,53679.3108976,21.74644,24.78131,24.40023,25.37961,22.62039,8658195281428676762,0.6472726
12.1935594372729,-0.770023239871067,54056.27160594,25.41117,21.52174,20.75506,20.06123,19.33195,8658198494073127117,0.0712299
12.2026132281872,-0.761000439127238,54379.34875676,24.93172,22.0717,21.38408,20.63686,20.30017,8658200452577690145,0.09467904
12.2026130193077,-0.760980093789994,53676.3390687,23.87844,22.32977,21.37322,21.01384,20.73895,8658195225595478409,0.06719703
12.1935732143072,-0.769962829616849,54394.33990363,22.31574,21.49267,20.79246,20.17651,19.93469,8658200710275334506,0.08690979
12.2009493314667,-0.773277065392371,54385.35688376,23.1787,20.75525,19.46152,18.86244,18.55897,8658200568541347933,0.01165838
12.1971614737741,-0.766973935500076,54056.27160594,25.66938,22.66871,23.91282,24.66926,22.14728,8658198494073127127,0.8610064
12.1935949493533,-0.769959357340381,52910.3242692,23.50212,22.51313,21.36353,20.72766,20.18615,8658188087345480281,0.06179603
12.195088291936,-0.764245721849709,54382.33890973,25.92189,22.00629,20.54636,19.88797,19.40037,8658200512681476332,0.05736646
12.2057875101536,-0.775674842785176,54056.27160594,24.75617,21.09713,19.96557,19.41668,18.94099,8658198494073127142,0.04098308
12.2025964322713,-0.760990255701992,54028.35965822,25.41172,22.40035,21.37995,20.97662,20.43464,8658198077428728128,0.1261779
12.2009469202788,-0.773264380944183,53676.3390687,24.65394,20.73384,19.45441,18.87764,18.47793,8658195225595478094,0.01214715
12.1944804331695,-0.757857922401404,53679.3108976,21.73116,25.40219,24.46142,25.27406,22.20529,8658195281428676760,0.6396127
12.200944347424,-0.773295395841917,54357.3089067,23.31561,20.73121,19.48172,18.8723,18.54671,8658200156226125916,0.01171652
12.205788530482,-0.775695330585561,51081.3166816,22.79711,21.25396,20.07421,19.74988,19.47766,8658170821574656280,0.04843032
12.195081574307,-0.764233044639813,54024.37110238,22.50485,21.78093,20.48904,19.75469,19.34577,8658198021601231194,0.04936594
12.1950786610186,-0.764263525410092,54394.33990363,21.87264,22.11023,20.70637,20.07061,19.55497,8658200710275334509,0.05507671
12.195081635866,-0.764261718700988,54385.35688376,24.55742,22.39879,20.62432,19.87144,19.48952,8658200568541348261,0.03302591
12.1950893154403,-0.764253213779773,54049.30562032,24.1954,22.61183,20.69448,20.0726,19.80153,8658198360908366070,0.06208918
12.195095774294,-0.764252419698608,53679.3108976,22.32851,22.33039,20.58952,19.99944,19.52519,8658195281428676929,0.04662682
12.2009428855507,-0.773287682908357,53640.30890624,22.77122,20.77481,19.4783,18.91797,18.65158,8658194534113214596,0.01353931
12.1950991841676,-0.764284701070493,53975.32998955,24.5263,22.18835,20.57854,19.94486,19.37323,8658197287184630256,0.04035956
12.1951040643405,-0.764256941302019,52910.3242692,23.63478,21.78482,20.57601,19.85174,19.33879,8658188087345480285,0.0361292
12.1951109558626,-0.764271941477155,54056.27160594,22.45855,22.20266,20.48245,19.92353,19.51719,8658198494073127121,0.04607664
12.2057899050423,-0.775708816328483,54030.28329798,23.67826,21.26726,19.99825,19.48911,19.07991,8658198111820317149,0.03725569
12.200940850936,-0.773282999521312,54394.33990363,23.82423,20.75428,19.49683,18.87435,18.59099,8658200710275334259,0.01623967
12.1951171476432,-0.764265065266303,54020.28985248,22.15498,21.46127,20.25625,19.61937,19.29793,8658197974382936401,0.05350884
12.1951187921157,-0.764284946908765,54028.35965822,22.41638,21.82326,20.5486,20.2158,19.66488,8658198077428728115,0.06991937
12.2009355125807,-0.773355256057333,54391.35824261,23.07697,20.85007,19.48563,18.82808,18.64481,8658200667293352064,0.02314942
12.1967851691212,-0.771445538869998,54362.35862503,23.86993,25.24929,25.87381,25.51298,19.67136,8658200246410478382,1.010368
12.1832847170183,-0.782346457466614,54385.35688376,23.99291,25.58092,25.48921,24.65102,19.99679,8658200568541348875,0.7629451
12.1845986220581,-0.761003073624211,53640.30890624,23.72579,23.71753,22.56607,21.28995,21.3189,8658194534113215210,0.1257905
12.1846020655349,-0.760987244913039,54028.35965822,27.16532,23.45565,23.02983,21.23822,21.01811,8658198077428728413,0.195206
12.1950759977721,-0.764316669223049,53998.30527396,23.92486,21.75437,20.56488,20.09429,19.8949,8658197673735094858,0.05009636
12.1846270950434,-0.760994641504499,54385.35688376,26.15342,24.41069,22.60363,21.91183,20.96109,8658200568541348587,0.1347756
12.1846722706202,-0.761032909335064,54030.28329798,25.97039,24.18767,22.96433,21.68756,20.86414,8658198111820317574,0.1203283
12.1950689916679,-0.764248290980243,54362.35862503,25.3211,22.25216,20.68926,20.0707,19.59446,8658200246410478039,0.04576633
12.1846848368827,-0.760999244279775,53996.33678773,26.0059,23.92463,23.10808,21.6421,21.31172,8658197630777230048,0.1338685
12.1847361965308,-0.761036796371324,53676.3390687,23.80813,23.59581,22.37232,21.59473,21.94711,8658195225595478674,0.1157839
12.1915296907033,-0.76241245713475,53994.35298327,22.67673,20.46213,19.17647,18.42575,18.01353,8658197579219206227,0.01486672
12.1853451719753,-0.778046401101841,53352.1457481,23.21808,22.84867,22.28164,22.01965,21.82381,8658191982880752057,0.1862147
12.1853844253575,-0.777986932264109,53676.3390687,23.89356,23.02258,22.494,22.65168,22.08923,8658195225595478371,0.2224181
12.1854103302229,-0.778075586971447,54385.35688376,23.25257,23.28418,22.23345,22.26182,21.65995,8658200568541348588,0.1778971
12.1854173234709,-0.778076311298991,54357.3089067,23.81104,21.8201,21.43847,21.14107,20.84596,8658200156226126346,0.1806779
12.1854290704633,-0.778037846582479,51081.3166816,24.27058,22.88677,22.25539,22.23049,23.54457,8658170821574656479,0.3037587
12.1854553974518,-0.778099187140655,54030.28329798,24.60663,22.4511,21.83858,21.51233,20.929,8658198111820317095,0.176046
12.20579873673,-0.775710538931624,54394.33990363,24.639,21.39614,20.1752,19.77217,19.66954,8658200710275334527,0.04968135
12.1855097620676,-0.778098973972287,54056.27119135,22.43531,22.33089,21.70386,22.0627,20.44985,8658198494073061778,0.2981042
12.2009702527499,-0.7669588804848,54394.33990363,23.91829,22.92206,21.85753,22.00059,21.06264,8658200710275334708,0.2614332
12.1884190338408,-0.763558262803812,53352.1457481,24.32427,24.67882,22.88302,21.6637,23.19538,8658191982880752497,0.1646005
12.1888320094888,-0.762083720496872,54357.3089067,22.39687,25.97898,23.98356,23.27699,22.50541,8658200156226126099,0.3534062
12.1889485769248,-0.772835412725784,53640.30890624,25.48539,25.61332,24.26254,24.00667,20.79548,8658194534113215283,0.6993099
12.1970475940421,-0.762572551785007,52910.3242692,25.56374,24.41118,22.82561,24.41675,23.02454,8658188087345480499,0.6068459
12.2058034763772,-0.775718435315014,53694.2753626,21.21275,21.71207,20.07963,19.59684,19.35393,8658195547724644558,0.06270345
12.1914119688978,-0.778562828098727,51081.3166816,21.99113,25.77295,24.63032,25.8213,22.80826,8658170821574656152,0.4715892
12.1915050287963,-0.762421452723173,54379.34875676,22.35896,20.55886,19.13026,18.40767,18.002,8658200452577689725,0.01089425
12.1944628433277,-0.779896352859944,54382.33890973,29.88943,29.7759,19.71725,28.90456,28.01728,8658200512681476666,1.5242
12.1915214505695,-0.762404054396982,54028.35965822,23.5931,20.52453,19.13741,18.45021,18.02763,8658198077428727919,0.01260523
12.1915238063725,-0.762415518750236,54357.3089067,24.36705,20.53967,19.14441,18.43001,18.04501,8658200156226125909,0.009271108
12.1915263895098,-0.762411741980098,53640.30890624,23.08214,20.613,19.20004,18.53378,18.15666,8658194534113214524,0.01056888
12.1915279856559,-0.762389242478792,53676.3390687,23.25537,20.54499,19.14334,18.43757,18.02847,8658195225595478090,0.009668817
12.2037677182624,-0.765261135752432,54379.34875676,22.50688,25.70405,25.78222,23.91126,20.11014,8658200452577690397,0.8376635
12.1915306006386,-0.762410606150007,53975.32998955,24.35572,20.55196,19.12484,18.41954,18.03842,8658197287184629838,0.009902601
12.2057295971595,-0.775698918125658,54068.25136334,22.48462,21.43344,19.85297,19.67618,19.10944,8658198708793901280,0.066921
12.2025988804487,-0.761061003643516,53975.32998955,25.43913,22.41686,21.49371,21.07009,20.48319,8658197287184630271,0.08277241
12.1915347453079,-0.762420129142859,54030.28329798,22.94276,20.57122,19.14931,18.42637,17.99566,8658198111820316754,0.00964502
12.1936330338458,-0.769995217337114,54024.37110238,22.15175,21.54362,20.68697,19.91425,19.60648,8658198021601231190,0.07252971
12.1915403672994,-0.762435322658403,54056.27160594,22.08722,20.50817,19.12367,18.43923,18.00773,8658198494073127028,0.01091668
12.2009478024367,-0.773288004073305,54068.25136334,22.90635,20.65615,19.44716,18.87459,18.59648,8658198708793901138,0.02062376
12.2009616764972,-0.773313963800711,54056.27160594,26.41629,20.7438,19.45901,18.86655,18.48759,8658198494073127029,0.01428071
12.200995718781,-0.766967169522132,53994.35298327,23.66498,22.53125,21.74045,21.90705,21.03636,8658197579219206642,0.2033461
12.1935991674996,-0.769971643277761,53996.33678773,23.39381,22.4872,21.61701,20.95321,20.06235,8658197630777229682,0.07434423
12.1928635971994,-0.770304525308838,54030.28329798,24.95233,22.52135,22.22422,22.14487,21.87996,8658198111820317116,0.2210832
12.1928970501178,-0.770311549608059,51081.3166816,23.6979,22.11749,21.89723,21.98539,21.18854,8658170821574656257,0.2563057
12.2067524562028,-0.756169080439827,52959.1949443,25.19377,25.61673,24.64037,22.63082,23.51264,8658188525432079342,0.2083891
12.2009482532352,-0.773286309191794,54037.26458266,23.83073,20.75863,19.47957,18.87806,18.51175,8658198236374171717,0.01901245
12.2026007485599,-0.760963856550876,53674.24964098,22.82269,22.36988,21.62883,20.94099,21.01651,8658476657627103578,0.0748455
12.193055340106,-0.778545355791291,54385.35688376,23.37713,24.08082,23.58377,22.04693,22.47964,8658200568541348774,0.1582207
12.1931762740276,-0.778375341895149,53996.33678773,26.23637,23.59746,22.80833,22.05657,20.78852,8658197630777230055,0.1867107
12.1935752750674,-0.770036121710983,53640.30890624,24.03904,22.28734,21.47467,20.57825,20.47308,8658194534113214829,0.06666024
12.1934984107024,-0.770025325426533,54379.34875676,21.66025,21.59878,20.79053,20.26082,19.60781,8658200452577690124,0.07664923
12.200998164876,-0.766954803272357,53352.1457481,22.50426,23.2246,22.06411,21.773,21.16301,8658191982880752352,0.1206158
12.1935686456055,-0.770010247547741,54382.33890973,22.63317,21.7439,21.06444,20.37185,19.48905,8658200512681476330,0.09042078
12.193565054534,-0.770059873673936,53998.30527396,21.69328,21.6368,20.90181,20.32496,19.91111,8658197673735094853,0.07296371
12.2009510427538,-0.773278608259345,54028.35965822,22.42867,20.77809,19.43615,18.93377,18.58752,8658198077428727920,0.01816242
12.1935634290779,-0.769983775766087,53352.1457481,22.27866,21.81203,21.02211,20.50836,19.75803,8658191982880752071,0.06876414
12.1935649382321,-0.77000965122112,52959.1949443,22.29619,22.3768,21.50545,20.91959,20.07027,8658188525432078859,0.06065536
12.1935711814641,-0.770014648846767,54030.28329798,23.16418,22.41346,21.6239,20.8302,20.0622,8658198111820317115,0.05882007
12.1951620880407,-0.764321007278931,54391.35824261,27.28402,22.16908,20.44752,19.84748,19.24064,8658200667293352199,0.08529874
12.2009509611715,-0.773276125396996,53352.1457481,24.66339,20.84409,19.44108,18.83122,18.49447,8658191982880751780,0.01226953
12.1936073344094,-0.770036773657148,51081.3166816,22.77278,22.7508,21.7445,20.87135,20.26127,8658170821574656256,0.08035993
12.1936356392933,-0.778515755181958,51081.3166816,21.88956,23.78904,22.98828,21.80233,21.39276,8658170821574656156,0.1858044
12.1938399506527,-0.776018495299583,53676.3390687,26.41293,23.51198,22.2987,23.91184,23.22369,8658195225595478683,0.8206843
12.194455236462,-0.778689114156527,51081.3166816,21.57561,25.30248,24.69531,25.62363,22.24527,8658170821574656155,0.5518948
12.2057395672148,-0.775738644624502,54391.35824261,22.65666,21.60661,20.22027,19.75293,19.13602,8658200667293352209,0.06529833
12.1935155568471,-0.769961947681504,53674.24964098,24.74258,21.45293,20.77427,20.23099,19.30568,8658476657627103559,0.06754889
12.1873468667237,-0.778904903044648,54391.35782791,26.04533,26.23461,22.6251,25.54341,19.93668,8658200667293286829,1.044493
12.2009447860993,-0.773276192777997,54024.37110238,22.82665,20.78749,19.45914,18.90974,18.52802,8658198021601230954,0.01759656
12.1950767703603,-0.764247886477937,53352.1457481,24.68148,22.18855,20.80445,20.02389,19.55721,8658191982880752077,0.03789397
12.1950937436125,-0.764299025147616,54030.28329798,25.27191,22.4699,20.77328,20.05792,19.39596,8658198111820317121,0.03747597
12.1950970755687,-0.764263158974529,54379.34875676,23.32231,22.17871,20.64649,20.03415,19.56268,8658200452577690130,0.04489884
12.19349956284,-0.769980198789162,53679.3108976,22.14623,21.63525,20.92696,20.20909,19.90545,8658195281428676925,0.07868417
12.1867116397647,-0.757555117593423,54062.27072671,25.21247,24.73814,24.74125,24.4721,20.33335,8658198614331359965,0.978135
12.2026257879059,-0.761026125494866,53640.30890624,23.17188,22.5131,21.57067,21.12599,21.0007,8658194534113214846,0.09141794
12.2026269039973,-0.761061383779185,53998.30527396,23.17393,22.07734,21.39253,20.82954,21.50996,8658197673735094875,0.08616146
12.1846610524683,-0.761099608083046,54357.3089067,24.25116,23.55386,22.66535,21.6722,21.48489,8658200156226126655,0.1188445
12.1980280608388,-0.772623291823731,53679.3108976,25.65705,23.59289,22.35389,21.00054,22.11033,8658195281428677389,0.1930743
12.2026312972326,-0.761099167501642,54024.37110238,23.13323,21.94568,20.99503,20.40998,20.55799,8658198021601231352,0.09177338
12.1930312044745,-0.770221408306083,53640.30890624,24.36229,22.28595,22.17698,21.83306,21.64252,8658194534113214830,0.1885487
12.1930083296689,-0.77580914410696,52959.1949443,23.78361,25.16904,22.3285,21.98091,21.50969,8658188525432079450,0.267218
12.200954975857,-0.773281841007906,52959.1949443,24.75607,20.76547,19.4489,18.84647,18.45071,8658188525432078433,0.0116417
12.1915240316593,-0.762410184488732,54024.37110238,22.34356,20.52064,19.17793,18.44104,18.06173,8658198021601230952,0.01189026
12.1915267490826,-0.762396803957483,53352.1457481,22.68272,20.62723,19.1501,18.42324,18.04368,8658191982880751704,0.009755762
12.1929685750431,-0.770207974510621,52959.1949443,24.56543,22.67561,22.31675,22.03157,22.13015,8658188525432078860,0.1536404
12.192915557384,-0.770248947254613,53676.3390687,24.75673,22.24712,21.75513,21.69416,21.03662,8658195225595478393,0.1382743
12.1929405953672,-0.770252501433264,53996.33678773,23.74824,22.23001,22.03205,21.65064,22.11511,8658197630777229683,0.1449307
12.1931787898782,-0.778415212707604,53676.3390687,22.22305,23.04818,22.47808,21.33206,20.86394,8658195225595478849,0.1446162
12.1932269759734,-0.778393013418874,54357.3089067,24.17244,24.21674,22.95331,22.19376,22.15178,8658200156226126660,0.1697285
12.1933285540941,-0.778431323333501,53352.1457481,23.8083,23.97313,23.84073,22.06244,22.69527,8658191982880752502,0.1834216
12.2009613546768,-0.773301248078895,53674.24964098,23.7246,20.76692,19.47384,18.86301,18.52228,8658476657627103313,0.0129463
12.193570287082,-0.769976625200965,53676.3390687,23.41404,23.20436,21.76233,21.14878,20.29764,8658195225595478392,0.06615907
12.2049302085873,-0.778647894165183,51081.3166816,21.72538,25.42233,23.5241,23.55998,23.09751,8658170821574656161,0.7569696
12.1950940039365,-0.7642809372253,54357.3089067,24.33379,22.26521,20.60616,19.94341,19.47761,8658200156226126376,0.0333855
12.1950979786634,-0.764257785511007,53676.3390687,23.7168,22.0701,20.44312,19.76766,19.3226,8658195225595478396,0.03515804
12.1915254486373,-0.762456659763145,54391.35824261,22.48697,20.61992,19.13615,18.39036,18.09519,8658200667293352054,0.01619583
12.1929651078112,-0.770325746590232,54357.3089067,25.34758,22.63528,22.623,21.91452,21.79868,8658200156226126106,0.1658902
12.193396517462,-0.770070430758001,54391.35824261,21.9238,21.4507,20.97492,20.18937,20.25613,8658200667293352056,0.1024237
12.1935518581581,-0.770000587908668,54357.3089067,21.84922,22.23288,21.36135,20.52614,20.20613,8658200156226126105,0.05722163
12.1951137492036,-0.764294173236081,51081.3166816,25.51961,21.88799,20.47502,19.72689,19.21553,8658170821574656260,0.04887947
12.2010108336006,-0.766932225871842,52586.244109,23.76487,22.71362,21.9258,21.64273,22.06937,8658185166775779705,0.1405541
12.2009696706607,-0.773278626359581,53634.30354024,24.32731,20.69298,19.39151,18.86557,18.54388,8658194418148573254,0.02066645
12.2057372730041,-0.775669402553542,52586.244109,22.99261,21.5113,20.07805,19.65682,19.1928,8658185166775779713,0.04595737
12.193571232555,-0.769975829648296,52586.244109,21.67492,21.4694,20.64572,20.12156,19.39121,8658185166775779686,0.07402092
12.2025724538431,-0.761040459401551,52586.244109,22.75598,22.56968,21.49777,21.09436,20.80085,8658185166775779706,0.1095377
12.1846536094835,-0.761104299694542,53634.30354024,27.57018,22.12009,23.93107,21.64311,21.33711,8658194418148573632,0.1960523
12.1951048917882,-0.764273068515228,52586.244109,23.71471,22.20659,20.57578,19.86073,19.31646,8658185166775779694,0.04842625
12.1854461048938,-0.778054157569136,52586.244109,22.84936,22.57459,21.47089,21.93159,20.60489,8658185166775779668,0.4053524
12.2010763270356,-0.766940581476818,53634.30354024,25.95071,22.38972,21.71599,21.83298,21.84838,8658194418148573495,0.2396817
12.1991824874946,-0.758057456838786,52586.244109,25.68442,18.36772,24.32677,23.98584,22.48584,8658185166775779360,0.768058
12.1951206564101,-0.76422675700092,53634.30354024,22.23586,22.48546,20.75415,20.05147,19.55674,8658194418148573490,0.05966447
12.2057822575703,-0.775728427770416,53634.30354024,26.45603,21.33353,20.16876,19.77378,19.44248,8658194418148573502,0.05594717
12.2009459179926,-0.77328696862157,52586.244109,23.39343,20.82132,19.46418,18.85596,18.56273,8658185166775779499,0.01379241
12.203299458311,-0.756396602235392,52586.244109,25.44181,17.76872,24.44598,23.91693,23.39271,8658185166775779351,0.9760784
12.2025808697883,-0.761026716448327,53634.30354024,22.57436,21.81797,21.44824,21.30096,20.93151,8658194418148573497,0.1887894
12.1934651160016,-0.769986357957368,53634.30354024,22.54464,22.62606,21.82057,20.39618,20.01651,8658194418148573488,0.09295123
12.192963243408,-0.770152527196145,53634.30354024,25.49507,22.74574,21.69817,23.72537,22.13306,8658194418148573489,1.062682
12.1915472443223,-0.762404779443983,53634.30354024,21.86112,20.50432,19.09707,18.46439,18.00565,8658194418148573251,0.01313531
12.2056957630185,-0.775670007723029,54047.30961692,21.26711,21.13574,20.02543,19.46774,19.42847,8658198330839466138,0.07250834
12.2026118407554,-0.761031394030524,52910.3246838,22.72037,22.76282,21.50695,21.11725,20.63041,8658188087345545517,0.07416432
12.2010410860729,-0.766967451115406,52910.3246838,22.62181,23.3057,21.93789,21.7816,21.17367,8658188087345545822,0.1299258
12.2057727611604,-0.775678469011107,52910.3246838,23.51378,21.41598,20.20023,19.65282,19.30689,8658188087345545524,0.03341441
12.2009440998672,-0.773284044715488,52910.3246838,23.12358,20.80179,19.4694,18.80497,18.53615,8658188087345545366,0.01168479
12.1950613685369,-0.764361365154398,54047.30961692,25.70583,23.51189,20.92229,20.19865,20.03859,8658198330839466127,0.09864877
12.202584174939,-0.761045003001664,54047.30961692,22.69835,21.75051,21.46137,20.63705,20.49132,8658198330839466265,0.1539883
12.200951813466,-0.773357215225886,54047.30961692,27.46125,20.71376,19.41046,18.69898,18.41229,8658198330839466131,0.02732423
12.1934853922692,-0.770131654701825,54047.30961692,20.83543,22.05365,20.93654,20.08557,19.44436,8658198330839466263,0.1106367
12.191564508986,-0.762443374659684,54047.30961692,21.4387,20.7271,19.24887,18.42014,18.16077,8658198330839466065,0.01889073
